LotArea,OverallQual,OverallCond,YearBuilt,YearRemodAdd,TotalBsmtSF,1stFlrSF,2ndFlrSF,GrLivArea,FullBath,HalfBath,BedroomAbvGr,TotRmsAbvGrd,Fireplaces,GarageCars,GarageArea,WoodDeckSF,OpenPorchSF,PoolArea,YrSold,MoSold,SalePrice,HouseAge,RemodAge,TotalSF,TotalBath,PricePerSqFt
11248,9,5,2002,2002,1626,1668,0,1668,2,0,3,7,1,3,702,257,45,0,2007,7,285000,5,5,3294,2.0,170.86330935251797
15870,5,5,1969,1969,1096,1096,0,1096,1,0,3,6,0,1,299,240,32,0,2006,3,138800,37,37,2192,1.0,126.64233576642336
11988,6,7,1934,1995,715,849,811,1660,1,1,3,6,1,1,240,0,0,0,2008,8,188700,74,13,2375,1.5,113.67469879518072
7200,7,6,1931,2000,776,851,651,1502,1,1,3,6,1,1,270,0,0,0,2008,2,149000,77,8,2278,1.5,99.20106524633822
9600,4,7,1950,1995,1067,1067,0,1067,2,0,2,4,0,2,436,290,0,0,2010,2,128000,60,15,2134,2.0,119.96251171508904
1680,6,5,1973,1973,483,483,504,987,1,1,2,5,0,1,264,0,0,0,2008,11,100000,35,35,1470,1.5,101.31712259371834
11317,7,5,2003,2003,840,840,828,1668,2,1,3,8,0,2,500,144,68,0,2007,9,180000,4,4,2508,2.5,107.9136690647482
12137,7,5,1998,1998,1649,1661,0,1661,2,0,3,6,0,2,598,0,34,0,2010,5,224900,12,12,3310,2.0,135.4003612281758
10206,3,3,1952,1952,0,944,0,944,1,0,2,4,0,2,528,0,0,0,2009,7,82000,57,57,944,1.0,86.86440677966101
14536,8,5,2002,2003,1616,1629,0,1629,2,0,3,9,1,3,808,0,252,0,2007,11,270000,5,4,3245,2.0,165.74585635359117
9480,5,7,1942,1995,728,888,756,1644,1,1,3,7,2,1,312,168,0,0,2007,6,146500,65,12,2372,1.5,89.11192214111922
10084,8,5,2004,2005,1686,1694,0,1694,2,0,3,7,1,2,636,255,57,0,2007,8,307000,3,2,3380,2.0,181.22786304604486
4426,6,5,2004,2004,848,848,0,848,1,0,1,3,0,2,420,160,0,0,2010,5,143000,6,6,1696,1.0,168.6320754716981
12085,8,5,2007,2007,1734,1734,0,1734,2,0,3,7,1,3,928,0,0,0,2007,11,318000,0,0,3468,2.0,183.3910034602076
8777,5,7,1910,1950,796,796,0,796,1,0,2,4,0,0,0,328,0,0,2008,5,85000,98,58,1592,1.0,106.78391959798995
11911,6,5,2005,2005,684,684,876,1560,2,1,3,6,1,2,400,100,38,0,2009,3,174000,4,4,2244,2.5,111.53846153846153
17920,5,4,1955,1974,1763,1779,0,1779,1,1,3,6,1,2,454,0,418,0,2006,7,170000,51,32,3542,1.5,95.5593029792018
13125,6,5,1997,1998,1478,1493,0,1493,2,0,3,7,1,2,508,140,39,0,2008,4,208900,11,10,2971,2.0,139.91962491627595
8760,7,5,2006,2006,1391,1391,571,1962,2,1,3,7,0,3,868,0,90,0,2006,8,239799,0,0,3353,2.5,122.2217125382263
10440,5,8,1904,2002,650,958,581,1539,2,0,3,8,1,2,686,70,78,0,2008,6,157500,104,6,2189,2.0,102.3391812865497
14200,7,6,1966,1966,924,1216,941,2157,2,1,4,8,2,2,487,105,66,0,2006,5,226000,40,40,3081,2.5,104.77515067222996
8544,3,4,1949,1950,0,1040,0,1040,2,0,2,6,0,2,400,0,0,0,2006,5,87500,57,56,1040,2.0,84.13461538461539
3684,7,5,2007,2007,1373,1555,0,1555,2,0,2,7,1,3,660,143,20,0,2009,6,174000,2,2,2928,2.0,111.89710610932475
8000,6,6,1948,2002,972,972,0,972,1,0,2,5,1,1,240,0,0,0,2009,5,132000,61,7,1944,1.0,135.80246913580248
11250,7,5,2001,2002,920,920,866,1786,2,1,3,6,1,2,608,0,42,0,2008,9,223500,7,6,2706,2.5,125.13997760358343
7056,6,5,1963,1963,780,983,813,1796,1,1,4,8,1,2,483,0,50,0,2008,10,140000,45,45,2576,1.5,77.95100222717149
22420,6,6,1918,1950,1370,1370,1254,2624,2,1,4,10,1,3,864,0,0,0,2007,11,239000,89,57,3994,2.5,91.08231707317073
5232,5,5,1925,2004,680,764,0,764,1,0,2,4,0,2,504,0,0,0,2008,6,73000,83,4,1444,1.0,95.54973821989529
8089,8,6,2007,2007,1419,1419,0,1419,2,0,2,7,1,2,567,140,0,0,2007,10,392000,0,0,2838,2.0,276.2508809020437
9000,6,3,1928,1950,784,784,0,784,1,0,2,5,0,2,360,0,0,0,2009,10,76000,81,59,1568,1.0,96.93877551020408
11210,7,5,2005,2006,1614,1614,0,1614,2,0,3,7,0,3,865,144,59,0,2006,7,221500,1,0,3228,2.0,137.23667905824038
6970,4,5,1961,1961,1040,1120,0,1120,1,1,3,5,0,2,544,168,0,0,2007,5,129000,46,46,2160,1.5,115.17857142857143
12936,6,6,1972,1972,723,735,660,1395,1,1,3,6,1,2,497,294,116,0,2009,12,162000,37,37,2118,1.5,116.12903225806451
8846,5,5,1996,1996,870,914,0,914,1,0,2,5,0,2,576,0,0,0,2006,7,148000,10,10,1784,1.0,161.92560175054706
4251,7,5,2006,2007,625,625,625,1250,2,1,2,5,0,2,528,0,54,0,2007,6,164700,1,0,1875,2.5,131.76
6000,4,4,1953,1953,936,936,0,936,1,0,2,4,0,2,576,0,32,0,2009,2,93000,56,56,1872,1.0,99.35897435897436
11639,7,5,2007,2008,1428,1428,0,1428,2,0,3,6,0,2,480,0,120,0,2008,12,182000,1,0,2856,2.0,127.45098039215686
16059,8,5,1991,1992,1288,1301,1116,2417,2,1,4,9,1,2,462,127,82,0,2006,4,260000,15,14,3705,2.5,107.57136946628052
11249,6,5,1995,1995,1200,1200,0,1200,2,0,3,6,0,2,521,0,26,0,2007,8,177500,12,12,2400,2.0,147.91666666666666
8520,5,6,1923,2006,968,968,0,968,1,0,2,5,0,2,480,0,0,0,2007,7,100000,84,1,1936,1.0,103.30578512396694
8750,7,5,1996,1996,880,909,807,1716,2,1,2,7,1,2,512,0,120,0,2009,7,191000,13,13,2596,2.5,111.3053613053613
11600,6,5,1960,1960,1383,1383,0,1383,1,1,3,7,0,1,292,0,45,0,2006,4,145250,46,46,2766,1.5,105.02530730296456
5330,4,7,1940,1950,420,708,0,708,1,0,2,5,0,0,0,164,0,0,2009,12,82500,69,59,1128,1.0,116.52542372881356
25286,4,5,1963,1963,1064,1040,0,1040,1,0,3,5,0,2,648,0,0,0,2007,1,132250,44,44,2104,1.0,127.16346153846153
8500,7,5,2004,2004,1422,1422,0,1422,2,0,3,7,0,2,626,192,60,0,2007,11,179600,3,3,2844,2.0,126.30098452883263
2522,6,5,2004,2006,970,970,739,1709,2,0,3,7,0,2,380,0,40,0,2006,4,130000,2,0,2679,2.0,76.06787595084845
9204,5,5,1963,1963,1144,1144,0,1144,1,1,3,6,0,1,336,0,88,0,2008,8,124000,45,45,2288,1.5,108.39160839160839
5684,6,8,1930,2005,813,813,0,813,1,0,2,5,0,1,270,0,113,0,2006,6,110000,76,1,1626,1.0,135.30135301353013
10020,1,1,1922,1950,683,904,0,904,0,1,1,4,0,0,0,0,0,0,2009,3,61000,87,59,1587,0.5,67.47787610619469
8450,7,5,2003,2003,856,856,854,1710,2,1,3,8,0,2,548,0,61,0,2008,2,208500,5,5,2566,2.5,121.9298245614035
11287,7,6,1989,1989,807,1175,807,1982,2,1,3,7,1,2,575,0,84,0,2007,1,228500,18,18,2789,2.5,115.28758829465187
6380,5,6,1922,1950,993,1048,0,1048,1,0,2,5,1,1,280,0,0,0,2006,8,113000,84,56,2041,1.0,107.82442748091603
12180,4,4,1941,1950,672,672,252,924,1,0,2,5,0,1,280,0,0,0,2010,7,80000,69,60,1596,1.0,86.58008658008659
8520,6,7,1916,1950,714,1664,862,2526,2,0,5,10,1,1,216,88,15,0,2007,8,136000,91,57,3240,2.0,53.84006334125099
16381,6,5,1969,1969,1844,1844,0,1844,2,0,3,7,1,2,540,0,73,0,2006,12,223000,37,37,3688,2.0,120.93275488069415
7100,5,7,1957,1957,816,816,0,816,1,0,2,5,0,1,308,0,0,0,2006,7,129900,49,49,1632,1.0,159.19117647058823
5664,8,5,2000,2000,1501,1659,0,1659,2,0,2,5,1,2,499,212,59,0,2009,10,278000,9,9,3160,2.0,167.5708257986739
6858,6,4,1915,1950,806,841,806,1647,1,1,4,6,0,1,216,0,66,0,2010,5,128000,95,60,2453,1.5,77.7170613236187
9790,6,5,1963,1963,1328,1328,0,1328,1,1,3,6,2,2,528,0,26,0,2010,6,143000,47,47,2656,1.5,107.68072289156626
13891,9,5,2008,2009,1734,1734,1088,2822,3,1,4,12,1,3,1020,52,170,0,2009,1,582933,1,0,4556,3.5,206.5673281360737
9600,5,7,1910,2002,264,768,664,1432,2,0,2,7,0,2,360,270,0,0,2007,5,132000,97,5,1696,2.0,92.17877094972067
4435,6,5,2003,2003,848,848,0,848,1,0,1,4,0,2,420,140,0,0,2009,5,140000,6,6,1696,1.0,165.0943396226415
7150,5,5,1967,1967,892,892,0,892,1,0,3,5,0,1,288,0,0,0,2009,7,100000,42,42,1784,1.0,112.10762331838565
12203,8,5,1998,1999,1225,1276,1336,2612,2,1,4,8,1,3,676,250,0,0,2009,7,336000,11,10,3837,2.5,128.63705972434917
8070,4,5,1994,1995,990,990,0,990,1,0,3,5,0,0,0,0,0,0,2007,8,123600,13,12,1980,1.0,124.84848484848484
3842,8,5,2004,2005,1594,1646,0,1646,2,0,2,5,1,2,482,128,53,0,2008,1,275000,4,3,3240,2.0,167.07168894289185
7800,5,6,1954,1954,1268,1268,0,1268,1,0,2,7,1,1,244,0,98,0,2010,3,132000,56,56,2536,1.0,104.10094637223975
13710,5,5,1950,1950,910,910,648,1558,1,1,4,6,0,1,282,289,0,0,2007,6,152000,57,57,2468,1.5,97.5609756097561
3363,7,5,2004,2004,976,976,732,1708,2,0,3,7,0,2,380,0,40,0,2006,4,130000,2,2,2684,2.0,76.11241217798595
7658,9,5,2005,2005,1752,1752,0,1752,2,0,2,6,1,2,576,196,82,0,2010,2,319900,5,5,3504,2.0,182.59132420091325
11096,8,5,2006,2006,1656,1656,0,1656,2,0,3,7,0,3,826,0,146,0,2007,7,249700,1,1,3312,2.0,150.78502415458937
7200,5,7,1951,2000,900,900,0,900,1,0,3,5,0,2,576,222,32,0,2010,5,134800,59,10,1800,1.0,149.77777777777777
10140,7,5,1998,1999,1650,1680,0,1680,2,0,3,7,1,2,583,78,73,0,2009,6,213250,11,10,3330,2.0,126.93452380952381
3696,8,5,1986,1986,1074,1088,0,1088,1,1,2,5,0,2,461,0,74,0,2007,10,170000,21,21,2162,1.5,156.25
14892,9,5,2006,2007,1746,1746,0,1746,2,0,3,7,2,3,758,201,39,0,2009,10,377500,3,2,3492,2.0,216.20847651775486
6402,5,5,1920,1950,596,596,596,1192,1,0,3,6,0,1,189,0,0,0,2009,7,78000,89,59,1788,1.0,65.43624161073825
7599,4,6,1982,2006,845,845,0,845,1,0,2,4,0,2,360,0,0,0,2007,6,129500,25,1,1690,1.0,153.25443786982248
10800,7,7,1914,1970,880,880,888,1768,1,1,2,6,2,2,320,0,341,0,2006,10,163000,92,36,2648,1.5,92.1945701357466
11214,7,5,1998,1999,930,956,930,1886,2,1,4,10,1,2,431,89,0,0,2006,7,199900,8,7,2816,2.5,105.9915164369035
16669,8,6,1981,1981,1686,1707,0,1707,2,1,2,6,1,2,511,574,64,0,2006,1,228000,25,25,3393,2.5,133.5676625659051
6820,8,5,1985,1985,1488,1502,0,1502,1,1,1,4,0,2,528,0,54,0,2010,6,212000,25,25,2990,1.5,141.1451398135819
8525,5,6,1911,1950,940,1024,940,1964,1,1,4,7,0,0,0,0,192,0,2008,11,130000,97,58,2904,1.5,66.19144602851324
11394,9,2,2010,2010,1856,1856,0,1856,1,1,1,8,1,3,834,113,0,0,2010,6,394432,0,0,3712,1.5,212.51724137931035
10200,6,5,1988,1989,1461,1509,0,1509,2,0,3,5,1,2,600,224,0,0,2008,8,175000,20,19,2970,2.0,115.97084161696488
7000,5,8,1978,2005,864,864,0,864,1,0,3,6,0,1,336,0,0,0,2009,7,136500,31,4,1728,1.0,157.98611111111111
8450,5,8,1965,2009,894,894,0,894,1,0,3,5,1,1,336,416,144,0,2010,4,138500,45,1,1788,1.0,154.92170022371366
7540,6,6,1978,1978,888,912,0,912,1,0,2,5,1,2,470,0,0,0,2007,6,156000,29,29,1800,1.0,171.05263157894737
9855,6,5,1956,1956,1436,1689,0,1689,1,0,3,7,1,2,480,0,0,0,2009,11,127500,53,53,3125,1.0,75.48845470692717
8400,2,5,1920,1950,290,438,0,438,1,0,1,3,0,1,246,0,0,0,2009,1,60000,89,59,728,1.0,136.986301369863
5000,5,6,1941,1950,720,803,0,803,1,0,2,5,0,2,360,0,0,0,2007,12,87000,66,57,1523,1.0,108.34371108343711
9247,6,6,1962,1962,858,858,858,1716,1,1,4,8,1,2,490,0,84,0,2008,3,171000,46,46,2574,1.5,99.65034965034965
6120,5,7,1925,1950,768,1015,0,1015,1,0,3,6,0,1,450,0,0,0,2006,7,88000,81,56,1783,1.0,86.69950738916256
11478,8,5,2007,2008,1704,1704,0,1704,2,0,3,7,1,3,772,0,50,0,2010,5,306000,3,2,3408,2.0,179.57746478873239
14601,9,5,2006,2006,1838,1838,0,1838,2,0,2,8,1,3,765,270,68,0,2009,3,315000,3,3,3676,2.0,171.38193688792165
12435,7,5,2001,2001,963,963,829,1792,2,1,3,7,1,2,564,0,96,0,2008,5,231500,7,7,2755,2.5,129.18526785714286
7700,6,5,1966,1966,756,1051,788,1839,1,1,4,7,1,2,442,0,124,0,2010,6,155000,44,44,2595,1.5,84.28493746601414
9375,7,5,2003,2004,912,912,1182,2094,2,1,4,8,1,2,615,182,182,0,2009,11,263000,6,5,3006,2.5,125.59694364851958
10207,7,6,2007,2007,874,874,887,1761,3,0,3,7,0,2,578,144,105,0,2007,8,227875,0,0,2635,3.0,129.40090857467348
8400,4,4,1950,1950,721,841,0,841,1,0,2,4,0,1,294,250,0,0,2009,9,82000,59,59,1562,1.0,97.50297265160523
9187,9,5,2009,2009,1766,1766,0,1766,2,1,2,7,1,3,478,195,130,0,2009,10,370878,0,0,3532,2.5,210.0101925254813
7758,5,7,1962,2001,999,999,0,999,1,0,3,6,0,1,264,0,132,0,2007,3,132500,45,6,1998,1.0,132.63263263263264
12665,5,8,1915,1950,876,876,540,1416,1,1,4,7,1,3,720,418,0,0,2008,6,153900,93,58,2292,1.5,108.6864406779661
8556,7,5,2006,2006,1240,1240,0,1240,2,0,2,5,0,3,826,140,93,0,2007,5,194000,1,1,2480,2.0,156.4516129032258
8777,5,7,1900,2003,1272,1272,928,2200,2,2,4,9,0,0,0,0,70,0,2008,9,145900,108,5,3472,3.0,66.31818181818181
8544,5,6,1966,2006,1228,1228,0,1228,1,1,3,6,0,1,271,0,65,0,2008,6,149350,42,2,2456,1.5,121.62052117263843
9135,6,5,2003,2003,1682,1700,0,1700,2,0,3,7,0,2,544,192,23,0,2006,5,200000,3,3,3382,2.0,117.6470588235294
11050,9,5,2000,2000,1440,1476,677,2153,2,1,3,8,2,3,736,253,142,0,2009,5,313000,9,9,3593,2.5,145.37854156990247
8400,5,5,1977,1977,0,2020,0,2020,2,0,4,10,2,2,630,0,0,0,2007,10,144000,30,30,2020,2.0,71.2871287128713
16545,8,5,1998,1998,1284,1310,1140,2450,2,1,3,7,1,3,1069,0,126,0,2009,5,340000,11,11,3734,2.5,138.77551020408163
21384,5,6,1923,2004,1324,1072,504,1576,1,1,3,6,1,2,528,0,312,0,2009,5,223500,86,5,2900,1.5,141.81472081218274
14175,5,6,1956,1987,1188,1437,0,1437,1,1,3,6,1,2,576,304,0,0,2006,11,168000,50,19,2625,1.5,116.91022964509395
11040,4,6,1920,1950,637,897,439,1336,1,1,3,7,0,1,570,0,47,0,2006,9,108000,86,56,1973,1.5,80.83832335329342
8640,8,5,2009,2009,1300,1314,0,1314,2,0,3,6,0,2,552,135,112,0,2009,9,229456,0,0,2614,2.0,174.6240487062405
7175,6,5,1984,1984,744,752,0,752,1,0,2,4,0,1,264,353,0,0,2010,2,125000,26,26,1496,1.0,166.22340425531914
9340,4,6,1941,1950,672,672,0,672,1,0,2,4,0,1,234,0,113,0,2009,8,113000,68,59,1344,1.0,168.1547619047619
10261,6,5,2000,2000,936,962,830,1792,2,1,3,8,1,2,451,0,0,0,2008,5,186500,8,8,2728,2.5,104.07366071428571
9587,7,5,2005,2005,856,1166,0,1166,2,0,2,5,0,2,400,212,0,0,2008,7,190000,3,3,2022,2.0,162.95025728987994
9300,5,5,1960,1960,1268,1264,0,1264,1,0,3,6,2,2,461,0,0,0,2010,4,167500,50,50,2532,1.0,132.51582278481013
7917,6,7,1976,1976,1143,1113,0,1113,1,1,3,6,1,1,504,370,30,0,2007,5,148000,31,31,2256,1.5,132.973944294699
9906,4,4,1925,1950,686,810,518,1328,1,0,3,8,0,1,210,0,172,0,2006,9,107000,81,56,2014,1.0,80.57228915662651
7875,7,5,2003,2003,783,807,702,1509,2,1,3,8,1,2,393,0,75,0,2006,7,180000,3,3,2292,2.5,119.28429423459245
6342,5,8,1875,1996,780,780,240,1020,1,0,2,6,0,0,0,0,0,0,2010,5,94000,135,14,1800,1.0,92.15686274509804
2117,6,5,2000,2000,756,769,756,1525,2,1,3,5,1,2,440,0,0,0,2007,6,177000,7,7,2281,2.5,116.06557377049181
6240,4,5,1947,1950,0,672,240,912,1,0,2,3,0,0,0,0,0,0,2006,7,80500,59,56,912,1.0,88.26754385964912
8521,5,5,1967,1967,912,912,0,912,1,0,3,5,1,1,336,0,0,0,2010,5,125000,43,43,1824,1.0,137.06140350877192
8546,4,5,2003,2004,1121,1121,0,1121,2,0,2,5,0,2,440,132,64,0,2010,3,140000,7,6,2242,2.0,124.88849241748439
10800,4,7,1900,2000,0,694,600,1294,2,0,3,7,0,0,0,220,114,0,2008,8,106250,108,8,1294,2.0,82.1097372488408
8125,6,5,1994,1995,702,702,779,1481,2,1,3,6,1,2,343,0,36,0,2009,3,174000,15,14,2183,2.5,117.4881836596894
6768,6,8,1961,1996,912,912,0,912,1,0,3,5,0,1,288,168,0,0,2008,5,142000,47,12,1824,1.0,155.7017543859649
8834,9,5,2004,2005,1462,1462,762,2224,2,1,4,10,1,3,738,184,0,0,2009,6,350000,5,4,3686,2.5,157.37410071942446
1680,5,5,1971,1971,630,630,672,1302,2,1,3,6,0,1,280,0,0,0,2009,5,112000,38,38,1932,2.5,86.02150537634408
10420,6,5,2009,2009,1212,1212,0,1212,2,0,3,6,0,2,460,100,22,0,2010,3,186000,1,1,2424,2.0,153.46534653465346
7449,7,7,1930,1950,637,1108,0,1108,1,0,3,6,1,1,280,0,0,0,2007,6,139400,77,57,1745,1.0,125.81227436823104
11146,8,5,2006,2006,1709,1717,0,1717,2,0,3,7,1,3,908,169,39,0,2009,7,255500,3,3,3426,2.0,148.80605707629587
10159,9,5,2009,2010,1930,1940,0,1940,2,1,3,8,1,3,606,168,95,0,2010,4,395192,1,0,3870,2.5,203.70721649484537
8385,5,8,1977,1977,985,985,0,985,2,0,3,6,0,1,328,210,0,0,2008,11,149900,31,31,1970,2.0,152.18274111675126
10659,5,6,1961,1961,1050,1050,0,1050,1,0,3,6,0,1,368,0,319,0,2006,1,136500,45,45,2100,1.0,130.0
11764,8,7,1999,2007,1152,1164,1106,2270,2,1,4,9,1,3,671,132,57,0,2010,4,290000,11,3,3422,2.5,127.7533039647577
8877,4,5,1951,1951,836,1220,0,1220,1,0,2,6,0,2,396,0,0,0,2006,4,102000,55,55,2056,1.0,83.60655737704919
11782,5,7,1961,1995,1109,1155,0,1155,1,0,3,6,0,2,576,192,0,0,2010,6,148000,49,15,2264,1.0,128.13852813852813
2572,7,5,1999,1999,696,696,720,1416,2,1,3,6,0,2,484,0,44,0,2010,5,155000,11,11,2112,2.5,109.46327683615819
7200,5,5,1972,1972,894,894,0,894,1,0,2,6,0,2,600,215,0,0,2009,9,123000,37,37,1788,1.0,137.58389261744966
8500,5,3,1961,1961,1235,1235,0,1235,1,0,2,6,0,2,480,0,0,0,2006,12,98600,45,45,2470,1.0,79.83805668016194
8816,6,7,1971,1971,1010,1052,0,1052,1,0,3,6,0,2,440,0,0,0,2010,6,155000,39,39,2062,1.0,147.3384030418251
8724,5,5,1968,1968,894,894,0,894,1,0,3,5,1,2,450,0,0,0,2007,5,129000,39,39,1788,1.0,144.29530201342283
4270,3,6,1931,2006,544,774,0,774,1,0,3,6,0,0,0,0,0,0,2007,5,79000,76,1,1318,1.0,102.0671834625323
29959,7,6,1994,1994,973,979,871,1850,2,1,3,7,1,2,467,168,98,0,2009,1,248000,15,15,2823,2.5,134.05405405405406
8712,5,7,1957,2000,992,1306,0,1306,1,0,2,5,0,1,756,0,0,0,2009,5,153000,52,9,2298,1.0,117.15160796324655
9600,7,6,1973,1973,1242,1242,0,1242,1,1,3,6,1,2,528,0,0,0,2007,9,175500,34,34,2484,1.5,141.30434782608697
9991,4,4,1976,1993,1281,1620,0,1620,2,0,3,8,1,2,490,120,78,0,2009,6,150000,33,16,2901,2.0,92.5925925925926
215245,7,5,1965,1965,2136,2036,0,2036,2,0,3,8,2,2,513,0,0,0,2009,6,375000,44,44,4172,2.0,184.18467583497053
9125,7,5,1992,1992,384,812,670,1482,2,1,3,7,1,2,392,100,25,0,2007,7,163900,15,15,1866,2.5,110.59379217273954
6000,6,6,1925,1980,1103,1103,0,1103,1,0,2,5,1,2,440,166,120,0,2006,7,110500,81,26,2206,1.0,100.18132366273798
10142,7,5,2004,2004,956,956,1128,2084,2,1,4,8,0,2,618,0,45,0,2010,1,233000,6,6,3040,2.5,111.8042226487524
8064,5,7,1949,2006,672,672,252,924,1,0,3,6,1,2,576,0,0,0,2007,7,122900,58,1,1596,1.0,133.00865800865802
10120,8,5,1994,1994,1165,1203,1323,2526,2,1,4,8,1,3,844,309,78,0,2006,12,290000,12,12,3691,2.5,114.80601741884402
11924,9,5,2005,2006,1175,1182,1142,2324,3,0,4,11,2,3,736,147,21,0,2006,7,345000,1,0,3499,3.0,148.4509466437177
40094,10,5,2007,2008,3138,3138,1538,4676,3,1,3,11,1,3,884,208,406,0,2007,10,184750,0,-1,7814,3.5,39.51026518391788
9750,6,6,1958,1958,1442,1442,0,1442,1,1,4,7,0,1,301,0,0,0,2007,4,157900,49,49,2884,1.5,109.500693481276
16560,6,8,1932,1950,952,1170,1175,2345,2,1,4,9,1,2,360,0,0,0,2006,7,239000,74,56,3297,2.5,101.91897654584221
17217,5,5,2006,2006,1140,1140,0,1140,1,0,3,6,0,0,0,36,56,0,2006,7,84500,0,0,2280,1.0,74.12280701754386
9790,6,5,1967,1967,1372,1342,0,1342,2,0,3,7,1,2,457,0,0,0,2009,9,161500,42,42,2714,2.0,120.34277198211625
9100,7,5,2000,2000,1525,1525,0,1525,2,0,3,6,0,2,541,219,36,0,2006,9,235000,6,6,3050,2.0,154.0983606557377
17755,5,4,1959,1959,1466,1466,0,1466,1,1,3,6,2,2,528,0,140,0,2006,11,149900,47,47,2932,1.5,102.25102319236017
11700,6,6,1968,1968,708,708,708,1416,2,1,3,7,1,2,776,0,169,0,2006,5,179900,38,38,2124,2.5,127.04802259887006
11029,6,8,1958,2002,1184,1414,0,1414,1,0,3,6,1,2,601,0,51,0,2008,5,176500,50,6,2598,1.0,124.82319660537482
159000,6,7,1958,2006,1444,1444,700,2144,2,0,4,7,2,2,389,0,98,0,2007,6,277000,49,1,3588,2.0,129.19776119402985
13125,7,6,1940,1984,800,960,780,1740,1,1,3,6,2,1,240,0,0,0,2007,7,219500,67,23,2540,1.5,126.14942528735632
9650,6,5,1977,1977,1350,1334,0,1334,2,0,2,6,1,2,630,0,16,0,2009,4,167900,32,32,2684,2.0,125.86206896551724
13695,5,5,2004,2004,1114,1114,0,1114,1,1,3,6,0,2,576,0,102,0,2008,6,159000,4,4,2228,1.5,142.72890484739676
13159,7,5,2009,2009,846,846,846,1692,2,1,3,6,0,2,650,208,114,0,2009,7,224500,0,0,2538,2.5,132.68321513002365
8978,5,5,1968,1968,948,948,0,948,1,0,3,6,0,1,300,147,0,0,2007,5,108000,39,39,1896,1.0,113.92405063291139
9800,5,7,1972,1972,894,894,0,894,1,0,3,5,0,2,552,256,0,0,2006,7,149900,34,34,1788,1.0,167.67337807606265
12150,5,5,1954,1954,1050,1050,745,1795,2,0,4,7,0,1,352,0,0,0,2008,11,131500,54,54,2845,2.0,73.25905292479109
3180,7,5,2005,2005,600,520,600,1200,2,1,2,4,0,2,480,0,166,0,2006,4,144152,1,1,1720,2.5,120.12666666666667
10530,6,5,1977,1977,975,1004,0,1004,1,0,2,4,0,2,504,0,0,0,2006,5,135000,29,29,1979,1.0,134.4621513944223
9000,7,9,1920,1988,650,832,650,1482,1,0,3,7,0,2,324,0,0,0,2009,7,143000,89,21,2132,1.0,96.49122807017544
6240,6,6,1931,1950,884,959,408,1367,1,0,3,6,1,1,560,0,0,0,2007,11,127500,76,57,2251,1.0,93.26993416239941
9786,6,7,1962,1981,912,1085,649,1734,1,1,3,7,1,2,440,0,0,0,2006,6,159000,44,25,2646,1.5,91.6955017301038
6435,6,5,1939,1950,972,972,605,1577,1,0,3,6,1,1,312,0,0,0,2006,10,140200,67,56,2549,1.0,88.90298034242232
7207,5,7,1958,2008,858,858,0,858,1,0,2,4,0,0,0,117,0,0,2010,2,116500,52,2,1716,1.0,135.78088578088577
12376,7,5,1990,1990,1673,1699,1523,3222,3,0,5,11,2,3,594,367,0,0,2010,5,320000,20,20,4895,3.0,99.31719428926132
10140,5,6,1975,1975,1056,1074,0,1074,1,1,3,6,0,2,495,0,88,0,2006,7,153500,31,31,2130,1.5,142.92364990689012
8963,8,9,1976,1996,1142,1175,1540,2715,3,1,4,11,2,2,831,0,204,0,2008,7,299800,32,12,3857,3.5,110.42357274401473
9873,4,5,1970,1970,960,960,0,960,1,0,3,6,0,2,576,0,288,0,2006,5,129000,36,36,1920,1.0,134.375
12090,6,7,1984,2003,585,1140,728,1868,3,1,3,7,1,2,477,268,112,0,2007,1,178000,23,4,2453,3.5,95.28907922912205
10475,8,5,2008,2008,1694,1694,0,1694,2,0,3,7,0,3,776,160,33,0,2010,2,245350,2,2,3388,2.0,144.83471074380165
5000,5,4,1900,1950,540,889,551,1440,1,0,3,6,0,1,352,0,0,0,2006,4,79000,106,56,1980,1.0,54.861111111111114
25419,8,4,1918,1990,1360,1360,1360,3112,2,0,4,8,1,2,795,0,16,512,2006,3,235000,88,16,4080,2.0,75.51413881748071
10192,7,6,1968,1992,570,1222,698,1920,3,0,4,8,1,2,487,0,98,0,2006,9,170000,38,14,2490,3.0,88.54166666666667
11988,6,6,1957,1957,1244,1244,0,1244,1,1,3,6,2,1,336,0,40,0,2007,5,150000,50,50,2488,1.5,120.57877813504822
11065,8,5,2006,2006,1085,1120,850,1970,2,1,3,8,1,3,753,177,74,0,2006,10,281000,0,0,3055,2.5,142.63959390862945
6000,6,9,1937,2000,698,786,390,1176,1,0,2,4,0,2,624,210,0,0,2009,7,134900,72,9,1874,1.0,114.71088435374149
13518,9,5,2008,2009,1926,1966,1174,3140,3,1,4,11,2,3,820,144,78,0,2009,7,485000,1,0,5066,3.5,154.45859872611464
9042,7,9,1941,2006,1152,1188,1152,2340,2,0,4,9,2,1,252,0,60,0,2010,5,266500,69,4,3492,2.0,113.88888888888889
8944,5,5,1967,1967,1584,1584,0,1584,2,0,4,8,0,3,792,0,152,0,2009,4,124000,42,42,3168,2.0,78.28282828282828
7446,4,5,1941,1950,788,788,0,788,1,0,2,4,2,0,0,0,0,0,2006,4,100000,65,56,1576,1.0,126.90355329949239
10186,7,5,1992,1992,750,1061,862,1923,2,1,3,8,1,2,564,240,39,0,2010,6,190000,18,18,2673,2.5,98.80395215808632
9286,5,7,1977,1989,1268,1268,0,1268,1,1,3,5,0,1,252,173,0,0,2009,10,143500,32,20,2536,1.5,113.17034700315457
7200,4,5,1950,1950,0,1040,0,1040,1,0,2,4,0,2,420,0,29,0,2006,7,109900,56,56,1040,1.0,105.67307692307692
12257,8,5,1995,1995,1318,1328,1203,2531,2,1,4,9,1,3,752,222,98,0,2007,11,290000,12,12,3849,2.5,114.57921770051364
3180,7,5,2005,2005,600,520,600,1200,2,1,2,4,0,2,480,0,166,0,2006,6,151000,1,1,1720,2.5,125.83333333333333
7500,6,7,1942,1950,771,753,741,1494,1,0,3,7,2,1,213,0,0,0,2009,11,177500,67,59,2265,1.0,118.80856760374833
7711,4,3,1977,1977,1440,1440,0,1440,2,0,4,8,0,0,0,321,0,0,2007,8,150000,30,30,2880,2.0,104.16666666666667
9158,8,5,2007,2007,1496,1496,0,1496,2,0,3,7,0,2,474,168,130,0,2007,6,225000,0,0,2992,2.0,150.40106951871658
10400,7,5,1976,1976,1090,1370,0,1370,2,0,3,6,1,2,479,0,0,0,2009,6,152000,33,33,2460,2.0,110.94890510948905
6629,6,6,1925,1950,672,697,672,1369,2,0,3,6,0,1,300,147,0,0,2009,7,103600,84,59,2041,2.0,75.67567567567568
3600,6,7,1910,1993,684,684,684,1368,1,0,3,7,0,1,216,0,158,0,2006,10,114504,96,13,2052,1.0,83.70175438596492
7200,7,9,1936,2007,560,575,560,1135,1,0,3,6,0,2,576,256,0,0,2009,4,155000,73,2,1695,1.0,136.56387665198238
6792,7,5,2005,2006,1368,1368,0,1368,2,0,2,6,1,2,474,132,35,0,2006,3,202665,1,0,2736,2.0,148.1469298245614
5000,1,3,1946,1950,0,334,0,334,1,0,1,2,0,0,0,0,0,0,2007,1,39300,61,57,334,1.0,117.66467065868264
9056,8,5,2004,2004,707,707,707,1414,2,1,3,6,1,2,403,100,35,0,2006,10,178000,2,2,2121,2.5,125.88401697312588
9525,6,4,1954,1972,994,1216,639,1855,2,0,4,7,0,1,325,182,0,0,2006,10,136900,52,34,2849,2.0,73.80053908355795
10944,7,5,1994,1994,1223,1223,904,2127,2,1,3,5,2,2,525,171,132,0,2008,8,271000,14,14,3350,2.5,127.40949694405266
6911,5,5,1924,1950,1145,1301,0,1301,1,0,2,5,0,2,440,0,0,0,2009,10,100000,85,59,2446,1.0,76.86395080707149
12227,6,7,1977,1995,1330,1542,1330,2872,2,1,4,11,1,2,619,550,282,0,2008,7,272000,31,13,4202,2.5,94.70752089136491
8012,6,5,1992,1992,1575,1575,0,1575,2,0,2,5,0,2,529,0,0,0,2007,7,179200,15,15,3150,2.0,113.77777777777777
7596,5,5,1952,1952,960,960,1000,1960,2,0,4,10,0,2,400,0,0,0,2009,7,124500,57,57,2920,2.0,63.52040816326531
11844,8,5,2008,2008,2046,2046,0,2046,2,1,3,7,1,3,834,322,82,0,2009,7,372500,1,1,4092,2.5,182.06256109481916
11796,7,5,2004,2005,847,847,1112,1959,2,1,4,8,1,2,434,100,48,0,2007,7,215000,3,2,2806,2.5,109.74987238386932
4400,6,8,1920,1950,648,734,384,1118,1,0,2,6,0,2,440,0,0,0,2006,10,116000,86,56,1766,1.0,103.7567084078712
7050,7,5,2001,2001,1057,1057,872,1929,2,1,3,7,1,2,650,0,235,0,2007,5,226000,6,6,2986,2.5,117.15914981855884
12354,6,8,1920,2000,684,684,512,1196,1,0,3,7,0,2,528,0,46,0,2009,8,110000,89,9,1880,1.0,91.97324414715719
9803,7,5,2005,2005,866,866,902,1768,2,1,3,7,0,2,603,0,108,0,2008,2,226700,3,3,2634,2.5,128.2239819004525
8450,7,5,2004,2004,1436,1436,0,1436,2,0,3,8,0,2,484,139,98,0,2008,4,210000,4,4,2872,2.0,146.23955431754874
11923,9,5,2007,2007,1800,1800,0,1800,2,0,2,7,0,2,702,288,136,0,2009,5,239000,2,2,3600,2.0,132.77777777777777
13907,5,6,1940,1969,996,996,0,996,1,0,3,6,1,0,0,144,0,0,2008,7,108000,68,39,1992,1.0,108.43373493975903
1680,6,5,1972,1972,483,483,504,987,1,1,2,5,1,1,288,0,0,0,2006,6,94500,34,34,1470,1.5,95.74468085106383
9900,6,7,1940,1950,778,944,545,1489,2,0,3,7,1,1,240,335,0,0,2009,7,139500,69,59,2267,2.0,93.68703828072532
9600,8,5,1981,1981,2524,2524,0,2524,2,1,4,9,1,2,542,474,120,0,2009,7,278000,28,28,5048,2.5,110.14263074484944
5436,4,8,1922,2007,796,796,358,1154,1,0,3,7,0,1,240,0,96,0,2010,5,125500,88,3,1950,1.0,108.7521663778163
14585,6,6,1960,1987,1144,1429,0,1429,1,0,3,7,2,2,572,216,110,0,2007,6,181900,47,20,2573,1.0,127.29181245626312
17671,8,9,1882,1986,916,916,826,1742,1,1,4,8,1,2,424,0,169,0,2009,11,168000,127,23,2658,1.5,96.44087256027555
21453,6,5,1969,1969,938,988,0,988,1,0,1,4,2,2,540,0,130,0,2006,10,180000,37,37,1926,1.0,182.18623481781376
7301,7,5,2003,2003,0,495,1427,1922,3,0,4,7,1,2,672,0,0,0,2009,7,198500,6,6,1922,3.0,103.27783558792925
11400,10,5,2001,2002,2633,2633,0,2633,2,1,2,8,2,3,804,314,140,0,2007,3,466500,6,5,5266,2.5,177.17432586403342
8461,6,5,2005,2006,728,728,728,1456,2,1,3,8,1,2,390,0,24,0,2006,7,163990,1,0,2184,2.5,112.63049450549451
13472,10,5,2003,2003,2392,2392,0,2392,2,0,3,8,1,3,968,248,105,0,2009,6,386250,6,6,4784,2.0,161.4757525083612
11340,6,5,1923,1950,1200,1200,0,1200,1,0,4,7,0,1,312,0,0,0,2006,3,125000,83,56,2400,1.0,104.16666666666667
9317,6,5,2006,2006,1314,1314,0,1314,2,0,3,6,1,2,440,0,22,0,2007,3,176432,1,1,2628,2.0,134.2709284627093
4800,4,7,1916,1990,1196,1196,0,1196,1,0,2,5,0,2,440,0,0,0,2007,7,109900,91,17,2392,1.0,91.88963210702342
11900,6,5,1957,1957,1392,1392,0,1392,1,1,3,6,2,2,458,0,0,0,2008,6,166000,51,51,2784,1.5,119.25287356321839
10574,8,5,2005,2006,1082,1082,871,1953,2,1,3,9,1,3,1043,160,50,0,2009,5,252000,4,3,3035,2.5,129.03225806451613
11170,7,5,1990,1991,1216,1298,1216,2514,2,1,4,8,0,2,693,0,0,0,2006,4,250000,16,15,3730,2.5,99.44311853619729
11404,7,5,1998,1999,1153,1153,878,2031,2,1,3,8,1,2,541,192,84,0,2008,7,222500,10,9,3184,2.5,109.55194485475135
10304,5,7,1976,1976,780,1088,780,1868,2,1,4,9,1,2,484,448,96,0,2009,10,197500,33,33,2648,2.5,105.72805139186295
7018,5,5,1979,1979,0,1120,1120,2240,2,0,6,12,0,2,528,154,0,0,2009,6,142953,30,30,2240,2.0,63.81830357142857
9337,6,5,1997,1997,824,905,881,1786,2,1,3,7,0,2,684,0,162,0,2007,5,204750,10,10,2610,2.5,114.64165733482643
8520,5,4,1952,1952,910,910,475,1385,2,0,4,6,0,2,720,0,0,0,2010,6,166000,58,58,2295,2.0,119.85559566787003
6270,5,6,1949,1950,1001,1001,1001,2002,2,0,4,8,0,3,871,0,0,0,2007,8,145000,58,57,3003,2.0,72.42757242757243
13101,5,5,1965,1965,1728,1728,0,1728,2,0,6,10,0,2,576,0,0,0,2008,11,142600,43,43,3456,2.0,82.52314814814815
7162,5,7,1966,1966,876,904,0,904,1,0,3,6,0,1,408,0,0,0,2008,12,109900,42,42,1780,1.0,121.570796460177
9600,6,5,1953,1953,1416,1644,0,1644,1,0,3,7,2,2,418,110,0,0,2009,10,167000,56,56,3060,1.0,101.58150851581509
8121,6,5,2000,2000,953,953,711,1664,2,1,3,7,1,2,460,100,40,0,2006,1,172400,6,6,2617,2.5,103.60576923076923
8640,7,5,2009,2009,756,764,783,1547,2,1,3,7,0,2,614,169,45,0,2010,6,215200,1,1,2303,2.5,139.10795087265674
10004,6,6,1964,1964,1516,1516,0,1516,1,1,3,6,0,2,472,0,0,0,2009,2,167000,45,45,3032,1.5,110.15831134564644
8740,5,6,1982,1982,840,860,0,860,1,0,2,4,0,2,528,0,0,0,2009,7,137000,27,27,1700,1.0,159.30232558139534
5687,5,6,1912,2000,780,936,780,1716,2,0,6,9,0,0,0,0,184,0,2008,3,135900,96,8,2496,2.0,79.1958041958042
9600,5,8,1925,1994,702,842,630,1472,1,0,3,6,0,1,250,0,0,0,2007,7,125000,82,13,2174,1.0,84.91847826086956
16033,9,5,2004,2005,1833,1850,0,1850,2,0,3,8,1,3,772,519,112,0,2006,3,326000,2,1,3683,2.0,176.21621621621622
10421,7,5,1988,1988,980,980,734,1714,2,1,3,7,1,2,496,228,66,0,2010,3,196500,22,22,2694,2.5,114.6441073512252
13650,5,5,1958,1958,1052,1252,668,1920,2,0,4,8,1,2,451,0,0,0,2006,7,172500,48,48,2972,2.0,89.84375
16770,7,5,1998,1998,1195,1195,644,1839,2,1,4,7,0,2,486,0,81,0,2010,6,221000,12,12,3034,2.5,120.17400761283307
5250,8,5,1872,1987,684,938,1215,2358,2,0,4,8,0,0,0,0,54,0,2008,12,122000,136,21,2837,2.0,51.73876166242579
11345,5,5,1948,1950,928,928,992,1920,2,0,4,10,0,2,400,0,0,0,2007,7,137000,59,57,2848,2.0,71.35416666666667
8791,6,5,2003,2003,864,864,864,1728,2,1,3,7,0,2,673,216,56,0,2008,5,207500,5,5,2592,2.5,120.08101851851852
8012,6,5,1993,1994,1604,1617,0,1617,2,0,2,5,1,2,533,0,69,0,2008,7,193000,15,14,3221,2.0,119.35683364254793
8400,5,6,1957,1957,1314,1314,0,1314,1,0,3,5,0,1,294,250,0,0,2010,6,145000,53,53,2628,1.0,110.35007610350075
10141,7,5,1998,1998,832,885,833,1718,2,1,3,7,1,2,427,0,94,0,2009,12,185000,11,11,2550,2.5,107.68335273573923
7313,9,5,2005,2005,1561,1561,0,1561,2,0,2,6,1,2,556,203,47,0,2007,8,277500,2,2,3122,2.0,177.7706598334401
7200,6,5,2006,2006,1262,1262,0,1262,2,0,2,5,0,2,572,0,120,0,2006,5,185000,0,0,2524,2.0,146.59270998415215
11700,6,6,1968,1968,727,829,727,1556,1,1,4,8,0,2,441,0,0,0,2009,5,154000,41,41,2283,1.5,98.97172236503856
14215,8,5,2005,2006,1158,1158,1218,2376,3,1,4,9,1,3,853,240,154,0,2006,11,325300,1,0,3534,3.5,136.91077441077442
11341,5,6,1957,1996,1392,1392,0,1392,1,1,3,5,1,2,528,0,0,0,2010,5,121500,53,14,2784,1.5,87.28448275862068
11717,6,6,1970,1970,1442,1442,0,1442,2,0,2,6,1,2,615,371,0,0,2009,2,185000,39,39,2884,2.0,128.29403606102636
11308,9,5,2008,2008,1104,1130,1054,2184,2,1,3,10,1,3,836,0,102,0,2009,7,335000,1,1,3288,2.5,153.3882783882784
16196,7,5,1998,1998,1482,1494,0,1494,2,0,3,5,1,2,514,402,25,0,2007,8,215000,9,9,2976,2.0,143.90896921017404
9636,6,5,1992,1993,808,808,785,1593,2,1,3,7,1,2,389,342,40,0,2009,12,178000,17,16,2401,2.5,111.73885750156937
11207,6,5,1997,1997,802,802,709,1511,2,1,3,8,1,2,413,95,75,0,2006,6,185000,9,9,2313,2.5,122.43547319655858
8172,5,7,1955,1990,864,864,0,864,1,0,2,5,0,2,572,0,0,0,2006,4,115000,51,16,1728,1.0,133.10185185185185
7227,6,6,1954,1954,832,832,0,832,1,0,2,4,0,2,528,0,0,0,2008,6,105500,54,54,1664,1.0,126.80288461538461
10832,7,5,1994,1996,712,1086,809,1895,2,1,3,7,1,2,409,143,46,0,2008,10,194500,14,12,2607,2.5,102.63852242744063
6627,3,6,1949,1950,0,720,0,720,1,0,2,4,0,1,287,0,0,0,2008,7,72500,59,58,720,1.0,100.69444444444444
9066,8,5,1999,2000,1004,1004,848,1852,2,1,3,7,2,3,660,224,106,0,2008,12,230000,9,8,2856,2.5,124.19006479481641
10762,6,6,1980,1980,626,626,591,1217,1,1,3,6,1,1,288,0,28,0,2009,4,120000,29,29,1843,1.5,98.60312243221036
11700,6,6,1968,1968,702,1041,702,1743,1,2,3,7,1,2,539,224,0,0,2007,6,175000,39,39,2445,2.0,100.40160642570281
11075,5,4,1969,1969,784,1168,800,1968,2,1,4,7,1,2,530,305,189,0,2008,9,172000,39,39,2752,2.5,87.39837398373983
8160,5,6,1940,1950,756,756,378,1134,1,1,3,7,0,1,240,0,0,0,2007,4,126000,67,57,1890,1.5,111.11111111111111
9360,6,7,1972,2006,1161,1381,0,1381,1,1,3,5,1,2,676,0,0,0,2010,3,197500,38,4,2542,1.5,143.01230992034758
9084,7,5,1998,1998,935,955,677,1632,2,1,3,8,1,2,462,0,28,0,2006,6,176500,8,8,2567,2.5,108.14950980392157
20781,7,7,1968,2003,1568,2156,0,2156,2,0,3,9,1,2,508,0,80,0,2006,6,262500,38,3,3724,2.0,121.75324675324676
8731,5,5,1920,1950,915,1167,0,1167,1,0,3,6,1,2,495,0,0,0,2007,5,144000,87,57,2082,1.0,123.39331619537275
12003,8,5,2009,2010,774,774,1194,1968,2,1,4,8,1,3,680,0,75,0,2010,5,269500,1,0,2742,2.5,136.9410569105691
63887,10,5,2008,2008,6110,4692,950,5642,2,1,3,12,3,2,1418,214,292,480,2008,1,160000,0,0,11752,2.5,28.35873803615739
7560,5,5,1959,1959,1040,1040,0,1040,1,0,3,6,0,1,286,140,0,0,2006,7,133700,47,47,2080,1.0,128.55769230769232
6180,6,5,1926,1950,960,986,0,986,1,0,2,5,1,1,180,0,128,0,2007,5,102000,81,57,1946,1.0,103.44827586206897
11198,9,5,2005,2007,1122,1134,1370,2504,2,1,4,11,1,3,656,144,39,0,2008,6,325000,3,1,3626,2.5,129.79233226837061
9541,7,5,2009,2009,1502,1502,0,1502,2,0,3,7,0,2,644,0,114,0,2009,9,233170,0,0,3004,2.0,155.23968042609854
7226,7,5,2003,2003,798,798,842,1640,2,1,3,6,0,2,595,0,45,0,2008,6,183000,5,5,2438,2.5,111.58536585365853
10289,5,7,1965,1965,1073,1073,0,1073,1,1,3,6,0,2,515,0,0,0,2007,6,156000,42,42,2146,1.5,145.38676607642125
14572,7,5,2004,2004,1530,1530,0,1530,2,0,3,7,1,3,630,144,36,0,2007,11,259000,3,3,3060,2.0,169.281045751634
4280,5,6,1913,2002,440,694,0,694,1,0,2,4,1,1,352,0,0,0,2007,3,90350,94,5,1134,1.0,130.18731988472624
11302,8,5,2005,2006,1814,1826,0,1826,2,0,3,7,1,3,758,180,75,0,2006,8,319000,1,0,3640,2.0,174.6987951807229
15623,10,5,1996,1996,2396,2411,2065,4476,3,1,4,10,2,3,813,171,78,555,2007,7,745000,11,11,6872,3.5,166.4432529043789
6000,6,6,1941,1950,735,869,349,1218,1,0,3,6,1,2,440,0,0,0,2007,3,131000,66,57,1953,1.0,107.55336617405582
11241,6,7,1970,1970,1004,1004,0,1004,1,0,2,5,1,2,480,0,0,0,2010,3,149000,40,40,2008,1.0,148.40637450199202
19690,6,7,1966,1966,697,1575,626,2201,2,0,4,8,1,2,432,586,236,738,2006,8,274970,40,40,2898,2.0,124.92957746478874
12474,10,5,2007,2008,1682,1742,590,2332,2,1,3,9,1,3,846,196,134,0,2008,8,426000,1,0,4014,2.5,182.67581475128645
3182,7,5,2005,2006,1346,1504,0,1504,2,0,2,7,1,2,437,156,20,0,2008,5,191000,3,2,2850,2.0,126.99468085106383
13673,5,5,1962,1962,1140,1696,0,1696,1,1,3,8,1,1,349,0,30,0,2007,3,143900,45,45,2836,1.5,84.84669811320755
9000,8,5,2007,2007,1184,1184,1426,2610,2,1,4,11,1,2,550,208,364,0,2007,8,303477,0,0,3794,2.5,116.27471264367816
5100,8,7,1925,1996,588,833,833,1666,1,0,3,7,1,1,228,192,63,0,2008,6,161000,83,12,2254,1.0,96.63865546218487
13175,6,6,1978,1988,1542,2073,0,2073,2,0,3,7,2,2,500,349,0,0,2010,2,210000,32,22,3615,2.0,101.30246020260492
3982,8,5,2006,2006,1520,1567,0,1567,2,0,1,7,1,3,648,312,0,0,2006,10,264561,0,0,3087,2.0,168.832801531589
13125,7,5,1991,1991,1104,912,1215,2127,2,1,4,8,1,3,833,72,192,0,2007,11,238000,16,16,3231,2.5,111.89468735307945
14778,6,7,1954,2006,1296,1640,0,1640,1,0,3,7,1,2,924,108,0,0,2008,11,224000,54,2,2936,1.0,136.58536585365854
13680,3,5,1955,1955,0,1733,0,1733,2,0,4,8,1,2,452,0,0,0,2009,6,139600,54,54,1733,2.0,80.55395268320831
21286,5,5,1948,1950,720,720,551,1271,2,0,4,7,1,1,312,0,0,0,2008,8,135000,60,58,1991,2.0,106.21557828481511
7060,7,5,1997,1998,1344,1344,0,1344,2,0,2,8,0,4,784,0,0,0,2008,11,206300,11,10,2688,2.0,153.4970238095238
8029,6,5,2005,2005,728,728,728,1456,2,1,3,8,0,2,400,100,24,0,2008,7,176000,3,3,2184,2.5,120.87912087912088
14100,8,9,1935,1997,728,1968,1479,3447,3,1,4,11,2,3,1014,314,12,0,2008,5,381000,73,11,4175,3.5,110.53089643167972
28698,5,5,1967,1967,1013,1160,966,2126,2,1,3,7,0,2,538,486,0,0,2009,6,185000,42,42,3139,2.5,87.01787394167451
3675,6,5,2005,2005,547,1072,0,1072,1,0,2,5,0,2,525,0,28,0,2008,6,148000,3,3,1619,1.0,138.0597014925373
9120,6,6,1958,1958,1261,1261,0,1261,1,0,3,6,1,2,433,0,0,0,2008,11,163000,50,50,2522,1.0,129.26249008723235
10624,5,4,1964,1964,1728,1728,0,1728,2,0,6,10,0,1,352,155,0,0,2007,11,119000,43,43,3456,2.0,68.86574074074075
6882,6,7,1914,2006,684,773,582,1355,1,1,3,7,0,0,0,136,0,0,2007,3,127000,93,1,2039,1.5,93.7269372693727
14375,6,6,1958,1958,819,1344,0,1344,1,0,3,7,1,2,525,0,118,0,2009,1,137500,51,51,2163,1.0,102.30654761904762
10083,7,5,2003,2003,1176,1200,0,1200,2,0,2,5,0,2,555,0,41,0,2009,8,184900,6,6,2376,2.0,154.08333333333334
2665,5,6,1977,1977,757,925,550,1475,2,0,4,6,1,1,336,104,26,0,2006,7,127000,29,29,2232,2.0,86.10169491525424
8246,5,8,1968,2001,1060,1060,0,1060,1,0,3,6,1,1,270,406,90,0,2010,5,154000,42,9,2120,1.0,145.28301886792454
1890,6,5,1973,1973,672,672,546,1218,1,1,3,7,0,1,264,144,28,0,2007,5,113000,34,34,1890,1.5,92.77504105090313
26142,5,7,1962,1962,1188,1188,0,1188,1,0,3,6,0,1,312,261,39,0,2010,4,157900,48,48,2376,1.0,132.9124579124579
6130,5,6,1924,1950,784,784,0,784,1,0,2,5,0,0,0,0,0,0,2008,5,109500,84,58,1568,1.0,139.66836734693877
12822,7,5,2003,2003,1434,1518,631,2149,1,1,1,6,1,2,670,168,43,0,2009,8,239686,6,6,3583,1.5,111.53373662168451
3880,5,9,1945,1997,686,866,0,866,1,0,2,4,0,0,0,58,42,0,2007,8,110500,62,10,1552,1.0,127.59815242494226
12011,8,5,1998,1998,1086,1086,838,1924,2,1,3,7,1,2,592,208,75,0,2006,6,280000,8,8,3010,2.5,145.53014553014552
10206,8,5,2007,2007,1563,1563,0,1563,2,0,3,6,1,3,758,144,99,0,2008,10,245000,1,1,3126,2.0,156.7498400511836
5600,4,5,1930,1950,0,372,720,1092,2,0,3,7,0,0,0,0,0,0,2010,7,55000,80,60,1092,2.0,50.366300366300365
3182,7,5,2005,2006,1145,1145,0,1145,2,0,2,5,1,2,397,100,16,0,2009,9,160200,4,3,2290,2.0,139.9126637554585
4920,8,5,2001,2001,1338,1338,0,1338,2,0,2,6,0,2,582,0,0,0,2010,4,213500,9,9,2676,2.0,159.56651718983557
8600,6,6,1937,1950,780,780,596,1376,2,0,3,7,1,1,198,0,0,0,2006,6,119500,69,56,2156,2.0,86.84593023255815
13837,7,5,1988,1988,1204,1377,806,2183,2,1,4,9,0,3,786,0,0,0,2006,2,229000,18,18,3387,2.5,104.90151168117269
2289,6,6,1978,1978,855,855,586,1441,2,1,3,7,1,2,440,28,0,0,2009,4,148500,31,31,2296,2.5,103.05343511450381
9571,5,3,1958,1958,1276,1276,0,1276,1,0,3,5,0,1,350,0,0,0,2009,6,60000,51,51,2552,1.0,47.02194357366771
7950,6,6,1977,1977,690,698,728,1426,1,1,3,6,0,2,440,252,0,0,2009,7,159500,32,32,2116,1.5,111.85133239831697
1680,6,7,1972,1972,672,672,546,1218,1,1,3,7,0,1,264,0,28,0,2006,5,118000,34,34,1890,1.5,96.88013136288998
13700,7,6,1965,1988,864,902,918,1820,1,2,4,8,2,2,492,60,84,0,2008,5,201800,43,20,2684,2.0,110.87912087912088
15750,5,5,1953,1953,1165,1336,0,1336,1,0,2,5,2,1,375,0,0,0,2006,6,157000,53,53,2501,1.0,117.51497005988024
11200,6,5,1985,1985,1298,1298,0,1298,2,0,3,5,1,2,403,165,26,0,2006,5,180000,21,21,2596,2.0,138.6748844375963
14774,9,5,1999,1999,1393,1422,1177,2599,2,1,4,10,1,3,779,668,30,0,2010,5,333168,11,11,3992,2.5,128.19084263178146
7804,4,3,1928,1950,1122,1328,653,1981,2,0,4,7,2,2,576,431,44,0,2009,12,135000,81,59,3103,2.0,68.14740030287733
10140,6,5,1974,1974,1064,1350,0,1350,2,0,3,7,1,2,478,0,0,0,2009,8,165000,35,35,2414,2.0,122.22222222222223
9291,6,5,1993,1993,832,832,878,1710,2,1,3,7,0,2,506,144,70,0,2008,6,187000,15,15,2542,2.5,109.35672514619883
11235,4,5,1963,1979,1051,1382,0,1382,1,1,3,6,1,2,459,0,82,0,2006,10,148000,43,27,2433,1.5,107.09117221418235
10400,7,5,1988,1988,1845,1872,0,1872,2,0,3,6,1,2,604,197,39,0,2006,6,241500,18,18,3717,2.0,129.00641025641025
3196,7,5,2003,2004,1374,1557,0,1557,2,0,2,7,1,2,420,143,20,0,2006,10,234000,3,2,2931,2.0,150.28901734104045
4426,6,5,2004,2004,848,848,0,848,1,0,1,3,1,2,420,149,0,0,2008,5,141000,4,4,1696,1.0,166.27358490566039
7500,7,5,2004,2005,1080,1080,0,1080,1,0,3,6,0,0,0,0,0,0,2008,4,141000,4,3,2160,1.0,130.55555555555554
7892,6,5,1979,1979,918,918,0,918,2,0,2,5,1,1,264,28,0,0,2010,4,99500,31,31,1836,2.0,108.38779956427015
9900,7,5,1968,1968,832,1098,880,1978,2,1,4,9,1,2,486,0,43,0,2008,4,176000,40,40,2810,2.5,88.97876643073812
10800,4,4,1949,1950,720,720,472,1192,1,1,4,6,0,0,0,0,0,0,2006,12,135000,57,56,1912,1.5,113.25503355704699
11250,8,5,2002,2002,1128,1149,1141,2290,2,1,4,9,1,2,779,0,0,0,2008,5,255900,6,6,3418,2.5,111.7467248908297
12692,8,5,1992,1993,3200,3228,0,3228,3,0,4,10,1,2,546,264,75,0,2007,5,430000,15,14,6428,3.0,133.20941759603468
3136,7,5,2003,2003,1405,1405,0,1405,2,0,2,6,1,2,478,148,36,0,2006,3,171750,3,3,2810,2.0,122.24199288256227
11040,6,7,1971,2004,1258,1258,0,1258,2,0,3,5,0,2,528,55,0,0,2008,10,145000,37,4,2516,2.0,115.26232114467409
16492,6,6,1966,2002,1517,1888,0,1888,2,1,2,6,1,2,578,0,0,0,2010,6,190000,44,8,3405,2.5,100.63559322033899
10140,6,6,1974,1999,1040,1309,0,1309,1,1,3,5,1,2,484,265,0,648,2006,1,181000,32,7,2349,1.5,138.27349121466767
4712,4,7,1946,1950,747,774,456,1230,1,1,3,5,0,1,305,0,57,0,2006,8,121600,60,56,1977,1.5,98.86178861788618
6240,5,4,1936,1950,896,896,448,1344,1,0,3,7,0,1,240,200,114,0,2006,4,115000,70,56,2240,1.0,85.56547619047619
9100,5,5,1963,1963,1728,1728,0,1728,2,0,6,10,0,2,504,0,0,0,2006,11,125000,43,43,3456,2.0,72.33796296296296
9765,6,8,1993,1993,680,680,790,1470,2,1,3,6,1,2,420,232,63,0,2009,4,185000,16,16,2150,2.5,125.85034013605443
10562,8,5,2007,2007,1582,1610,551,2161,1,1,3,8,1,3,789,178,120,0,2007,11,325624,0,0,3743,1.5,150.68209162424805
7500,7,5,1999,1999,994,1028,776,1804,2,1,3,7,1,2,442,140,60,0,2010,6,189000,11,11,2798,2.5,104.76718403547672
9920,5,5,1954,1954,1056,1063,0,1063,1,0,3,6,0,1,280,0,0,0,2010,2,128000,56,56,2119,1.0,120.41392285983066
5925,3,6,1910,1950,600,600,368,968,1,0,2,6,0,0,0,0,0,0,2009,5,37900,99,59,1568,1.0,39.15289256198347
7879,4,5,1920,1950,720,720,0,720,1,0,2,4,0,0,0,0,523,0,2009,11,34900,89,59,1440,1.0,48.47222222222222
32463,4,4,1961,1975,1249,1622,0,1622,1,0,3,7,1,4,1356,439,0,0,2007,3,168000,46,32,2871,1.0,103.57583230579532
10927,8,5,2005,2005,1058,1058,846,1904,2,1,3,8,1,2,736,179,60,0,2006,6,275000,1,1,2962,2.5,144.4327731092437
8172,4,6,1954,1972,941,997,473,1470,2,0,4,7,0,1,548,0,0,0,2008,5,135000,54,36,2411,2.0,91.83673469387755
14559,5,7,1951,2000,1008,1363,0,1363,1,0,2,6,2,1,288,324,42,0,2009,6,164900,58,9,2371,1.0,120.98312545854732
8462,6,5,1994,1994,928,936,785,1721,2,1,3,7,0,2,471,300,87,0,2007,7,201000,13,13,2649,2.5,116.79256246368391
14303,8,5,1994,1994,1986,1987,0,1987,2,0,2,7,1,2,691,262,36,0,2008,8,301500,14,14,3973,2.0,151.7362858580775
13400,5,5,1966,1966,1024,1086,0,1086,1,0,3,6,1,2,484,0,0,0,2006,6,159950,40,40,2110,1.0,147.28360957642727
8820,5,6,1890,1996,1088,1188,561,1869,1,0,2,7,0,2,456,48,0,0,2009,9,124900,119,13,2837,1.0,66.82718031032638
2280,6,6,1976,1976,855,855,601,1456,2,1,3,7,1,2,440,87,0,0,2009,7,148500,33,33,2311,2.5,101.99175824175825
6853,8,5,2001,2002,1267,1296,0,1296,2,0,2,6,0,2,471,192,25,0,2009,6,220000,8,7,2563,2.0,169.7530864197531
3604,7,5,2007,2007,689,703,689,1392,2,0,2,5,0,2,540,0,102,0,2008,2,146000,1,1,2081,2.0,104.88505747126437
13515,6,6,1919,1950,764,1060,764,1824,1,0,3,8,1,2,520,0,0,0,2007,7,180500,88,57,2588,1.0,98.95833333333333
13286,9,5,2007,2008,1698,1698,0,1698,2,0,3,8,1,3,768,327,64,0,2009,2,320000,2,1,3396,2.0,188.4570082449941
12589,6,5,2005,2005,742,742,742,1484,2,1,3,8,1,2,390,36,24,0,2009,6,174000,4,4,2226,2.5,117.25067385444744
14859,7,5,2006,2006,1670,1670,0,1670,2,0,3,7,1,3,690,144,60,0,2006,8,240000,0,0,3340,2.0,143.7125748502994
9750,7,6,1998,1998,1108,1108,989,2097,2,1,3,8,1,2,583,253,170,0,2006,6,274300,8,8,3205,2.5,130.8059132093467
7910,5,5,1960,1960,1075,1507,0,1507,2,0,4,7,0,1,404,0,0,0,2008,8,127000,48,48,2582,2.0,84.2733908427339
10215,4,5,1954,1954,864,948,0,948,1,0,3,5,0,1,248,0,0,0,2007,2,111000,53,53,1812,1.0,117.0886075949367
10125,6,6,1977,1977,1196,1279,0,1279,2,0,3,6,2,2,473,238,83,0,2008,2,171500,31,31,2475,2.0,134.08913213448005
17871,6,5,1967,1976,1680,1724,0,1724,1,1,3,7,1,2,480,0,0,0,2009,6,197900,42,33,3404,1.5,114.79118329466357
4060,6,5,1998,1999,1405,1337,0,1337,2,0,2,5,0,2,511,144,68,0,2008,8,181000,10,9,2742,2.0,135.37771129394167
9196,7,5,2003,2003,1560,1560,0,1560,2,0,3,7,0,2,573,100,150,0,2010,4,201000,7,7,3120,2.0,128.84615384615384
9350,6,7,1964,1991,1302,1302,0,1302,2,0,3,7,0,1,309,333,0,0,2007,10,158000,43,16,2604,2.0,121.35176651305683
12735,4,5,1972,1972,864,864,0,864,1,0,3,5,0,2,576,216,0,0,2008,4,111250,36,36,1728,1.0,128.76157407407408
7500,5,5,1963,1963,1040,1040,0,1040,1,1,3,5,0,1,308,0,0,0,2010,6,133000,47,47,2080,1.5,127.88461538461539
9240,8,5,2001,2002,1055,1055,1208,2263,2,1,3,7,1,2,905,0,45,0,2008,9,287000,7,6,3318,2.5,126.82280159080867
8068,6,5,2002,2002,1010,1010,1257,2267,2,1,4,8,1,2,390,120,46,0,2009,12,200000,7,7,3277,2.5,88.2223202470225
4928,6,6,1976,1976,958,958,0,958,2,0,2,5,0,2,440,0,60,0,2009,10,143750,33,33,1916,2.0,150.05219206680584
25339,5,7,1918,2007,816,1416,0,1416,2,0,3,7,0,2,576,0,0,0,2007,8,112000,89,0,2232,2.0,79.09604519774011
16635,6,7,1977,2000,1602,1602,0,1602,2,0,3,8,1,2,529,240,0,0,2009,6,215000,32,9,3204,2.0,134.207240948814
21780,6,7,1918,1950,1163,1163,511,1674,2,0,4,8,1,2,396,72,36,0,2008,7,185000,90,58,2837,2.0,110.51373954599761
6600,5,4,1892,1965,994,1378,994,2372,2,0,4,11,0,1,432,0,287,0,2009,12,107500,117,44,3366,2.0,45.320404721753796
9000,5,6,1880,1991,636,1089,661,1750,1,0,3,8,0,1,240,0,0,0,2006,6,124000,126,15,2386,1.0,70.85714285714286
7200,5,7,1950,1950,0,1040,0,1040,1,0,2,5,0,2,625,0,0,0,2006,6,109500,56,56,1040,1.0,105.28846153846153
21750,5,4,1960,2006,0,1771,0,1771,1,0,3,9,1,2,336,0,0,0,2009,11,115000,49,3,1771,1.0,64.93506493506493
10880,5,5,1950,1950,1164,1164,0,1164,1,0,3,5,0,1,240,0,48,0,2008,8,125000,58,58,2328,1.0,107.38831615120274
6240,5,6,1928,1950,1042,1042,534,1576,1,0,3,8,1,1,225,0,0,0,2006,8,149000,78,56,2618,1.0,94.54314720812182
13568,5,5,1995,1995,990,990,0,990,1,0,3,5,0,2,576,224,0,0,2006,7,156000,11,11,1980,1.0,157.57575757575756
14803,6,5,1971,1971,825,1097,896,1993,2,1,4,8,1,2,495,0,66,0,2006,6,190000,35,35,2818,2.5,95.33366783743101
35133,5,4,1963,1963,1572,1572,0,1572,1,1,3,5,2,3,995,0,263,0,2007,5,186700,44,44,3144,1.5,118.76590330788804
2522,7,5,2004,2004,970,970,739,1709,2,0,3,7,0,2,380,0,40,0,2006,5,130000,2,2,2679,2.0,76.06787595084845
12000,7,7,1941,1950,704,860,704,1564,1,1,3,7,1,1,234,0,0,0,2009,7,174500,68,59,2268,1.5,111.57289002557545
11361,6,5,1976,1976,1193,1523,0,1523,2,0,3,7,1,2,478,0,0,0,2008,5,180000,32,32,2716,2.0,118.18778726198293
8400,5,8,1939,1997,720,1052,720,2192,2,1,4,8,1,1,240,262,24,0,2008,7,179500,69,11,2492,2.5,81.88868613138686
7094,5,5,1966,1966,894,894,0,894,1,0,3,5,0,1,384,0,0,0,2007,5,125000,41,41,1788,1.0,139.82102908277406
9100,5,6,1965,1965,925,925,0,925,1,0,2,5,0,1,429,0,0,0,2009,7,117500,44,44,1850,1.0,127.02702702702703
24682,6,5,1999,1999,841,892,783,1675,2,1,3,7,1,2,502,0,103,0,2009,6,181000,10,10,2516,2.5,108.05970149253731
10721,6,6,1959,1959,1252,1252,0,1252,1,0,3,7,0,2,528,0,39,0,2008,10,142000,49,49,2504,1.0,113.4185303514377
9554,8,5,1993,1994,777,1065,846,1911,2,1,3,8,1,2,471,182,81,0,2006,9,215000,13,12,2688,2.5,112.50654107796964
14191,8,5,2002,2002,967,993,915,1908,2,1,4,9,0,2,431,135,0,0,2010,4,202900,8,8,2875,2.5,106.34171907756813
12046,6,6,1976,1976,848,1118,912,2030,2,1,4,8,1,2,551,0,224,0,2007,6,195000,31,31,2878,2.5,96.05911330049261
5062,7,5,1984,1984,1190,1190,900,2090,2,0,3,6,1,2,577,219,0,0,2007,9,207500,23,23,3280,2.0,99.2822966507177
10463,8,5,2005,2005,893,901,900,1801,2,1,3,8,1,3,800,0,116,0,2006,6,239900,1,1,2694,2.5,133.20377568017767
6000,6,6,1939,1950,780,825,587,1412,1,0,4,6,1,1,280,45,0,0,2009,5,132500,70,59,2192,1.0,93.83852691218131
11751,6,6,1977,1977,1844,1844,0,1844,2,0,3,7,1,2,546,0,122,0,2010,1,190000,33,33,3688,2.0,103.03687635574838
8335,5,5,1954,1954,0,1124,0,1124,1,0,3,5,1,0,0,0,36,0,2006,4,93000,52,52,1124,1.0,82.74021352313167
9262,8,5,2008,2009,1573,1578,0,1578,2,0,3,7,1,3,840,0,36,0,2009,5,287090,1,0,3151,2.0,181.93282636248415
13825,5,6,1958,1987,533,1021,580,1601,1,0,3,6,0,1,300,280,34,0,2008,12,140000,50,21,2134,1.0,87.44534665833854
9060,6,5,1939,1950,560,698,560,1258,1,0,2,6,0,1,280,0,0,0,2009,10,105000,70,59,1818,1.0,83.46581875993641
9600,6,6,1955,1972,1156,1520,0,1520,1,0,3,7,2,1,364,0,0,0,2010,3,153000,55,38,2676,1.0,100.65789473684211
27650,7,7,1960,2007,585,2069,0,2069,2,0,4,9,1,2,505,0,0,0,2008,11,242000,48,1,2654,2.0,116.96471725471243
10800,7,8,1890,1998,718,1576,978,2554,1,1,3,8,0,2,704,0,48,0,2007,7,159500,117,9,3272,1.5,62.45105716523101
7472,7,9,1972,2004,725,725,754,1479,1,1,4,7,0,2,484,0,32,0,2007,6,184000,35,3,2204,1.5,124.40838404327248
15523,5,6,1972,1972,864,864,0,864,1,0,3,5,1,1,338,0,0,0,2009,8,133500,37,37,1728,1.0,154.51388888888889
9550,7,5,1915,1970,756,961,756,1717,1,0,3,7,1,3,642,0,35,0,2006,2,140000,91,36,2473,1.0,81.537565521258
8198,7,5,2004,2004,1358,1358,0,1358,2,0,2,6,1,2,484,192,30,0,2008,7,207000,4,4,2716,2.0,152.43004418262151
6000,3,7,1948,2002,649,679,504,1183,1,1,2,6,0,1,308,0,176,0,2007,6,120000,59,5,1832,1.5,101.43702451394759
4435,6,5,2003,2003,848,848,0,848,1,0,1,3,0,2,420,140,0,0,2008,3,136500,5,5,1696,1.0,160.96698113207546
3182,7,5,2007,2007,1266,1266,0,1266,2,0,2,6,1,2,388,100,16,0,2008,3,159895,1,1,2532,2.0,126.29936808846762
5001,7,5,2007,2008,1314,1314,0,1314,2,0,2,6,1,2,626,172,62,0,2009,7,230000,2,1,2628,2.0,175.0380517503805
10592,6,7,1923,1996,602,900,602,1502,1,1,3,7,2,1,180,96,0,0,2007,8,165000,84,11,2104,1.5,109.85352862849534
9000,5,5,1954,1954,936,1128,0,1128,1,0,2,5,0,1,286,0,0,0,2006,6,118000,52,52,2064,1.0,104.60992907801419
7750,8,5,2002,2002,408,779,640,1419,2,1,3,7,1,2,527,120,0,0,2009,3,184100,7,7,1827,2.5,129.73925299506695
12182,7,5,2005,2005,1541,1541,0,1541,2,0,3,7,1,2,532,0,70,0,2010,5,220000,5,5,3082,2.0,142.76443867618428
1477,4,4,1970,1970,630,630,0,630,1,0,1,3,0,1,286,0,0,0,2009,4,80000,39,39,1260,1.0,126.98412698412699
10708,5,5,1955,1993,1617,1867,0,1867,1,0,2,7,3,1,303,476,0,0,2009,11,190000,54,16,3484,1.0,101.76754151044456
2368,5,6,1970,1970,765,765,600,1365,1,1,3,7,0,2,440,0,36,0,2009,5,125000,39,39,2130,1.5,91.57509157509158
12461,8,5,1994,1995,1624,1624,0,1624,2,0,2,5,1,3,757,0,114,0,2006,7,262000,12,11,3248,2.0,161.33004926108376
10800,6,7,1974,1997,1522,1548,1066,2614,2,1,4,9,1,2,624,38,243,0,2008,6,240000,34,11,4136,2.5,91.8133129303749
15865,8,6,1970,1970,2217,2217,0,2217,2,0,4,8,1,2,621,81,207,0,2007,10,268000,37,37,4434,2.0,120.88407758231845
8850,7,6,1916,1950,815,815,875,1690,1,0,3,7,1,1,225,0,0,0,2006,7,144000,90,56,2505,1.0,85.20710059171597
12677,8,5,2003,2004,1518,1518,0,1518,1,1,1,6,1,2,588,185,140,0,2008,4,274000,5,4,3036,1.5,180.5006587615283
10246,4,9,1965,2001,648,960,0,960,0,0,0,3,0,1,364,88,0,0,2006,5,145000,41,5,1608,0.0,151.04166666666666
18800,6,5,1976,1976,796,790,784,1574,2,1,3,6,1,2,566,306,111,0,2006,7,190000,30,30,2370,2.5,120.71156289707751
13891,8,5,2007,2008,1710,1710,0,1710,2,0,2,6,1,3,866,0,102,0,2008,1,372402,1,0,3420,2.0,217.77894736842106
9500,6,5,1963,1963,1394,1394,0,1394,1,1,3,6,2,2,514,0,76,0,2009,7,159000,46,46,2788,1.5,114.06025824964132
10570,8,8,1932,1994,853,1549,1178,2727,2,1,3,10,2,2,440,0,74,0,2007,12,315000,75,13,3580,2.5,115.51155115511551
8737,6,7,1923,1950,1065,915,720,1635,1,1,3,6,1,2,440,0,38,0,2007,5,210000,84,57,2700,1.5,128.44036697247705
2500,7,8,1915,2005,910,916,910,1826,1,1,4,7,1,1,164,0,0,0,2009,6,155000,94,4,2736,1.5,84.88499452354874
6000,4,6,1936,1950,672,757,567,1324,1,0,3,6,0,1,240,0,0,0,2009,7,128000,73,59,1996,1.0,96.67673716012085
11616,6,5,1978,1978,672,672,714,1386,2,1,3,6,1,2,440,335,0,0,2010,4,158900,32,32,2058,2.5,114.64646464646465
2544,7,5,2005,2005,600,520,623,1223,2,1,2,4,0,2,480,0,166,0,2006,7,147400,1,1,1743,2.5,120.5233033524121
7728,5,6,1962,1962,1106,1190,0,1190,1,0,3,6,0,2,540,0,18,0,2006,5,132500,44,44,2296,1.0,111.34453781512605
9600,6,5,1924,1950,572,572,524,1096,1,0,2,5,0,0,0,0,8,0,2008,4,79000,84,58,1668,1.0,72.08029197080292
14157,9,5,2005,2006,1922,1922,0,1922,2,0,3,8,1,3,676,178,51,0,2007,7,377426,2,1,3844,2.0,196.37148803329865
12342,4,5,1940,1950,861,861,0,861,1,0,1,4,0,2,539,158,0,0,2009,3,82500,69,59,1722,1.0,95.81881533101046
11409,5,4,1949,2008,768,1148,568,1716,1,1,3,8,1,1,281,0,0,0,2009,1,131000,60,1,2484,1.5,76.34032634032634
5000,5,6,1924,1950,1026,1026,665,1691,2,0,3,6,1,1,308,0,0,0,2010,5,127000,86,60,2717,2.0,75.10348905972798
9531,6,5,1998,1998,794,882,914,1796,2,1,3,7,0,2,546,0,36,0,2007,5,211000,9,9,2590,2.5,117.48329621380846
10356,5,6,1975,1975,969,969,0,969,1,1,3,5,0,2,440,0,0,0,2007,1,122000,32,32,1938,1.5,125.90299277605779
8400,6,6,1980,1981,650,888,676,1564,2,1,3,7,1,2,476,0,50,0,2010,4,171000,30,29,2214,2.5,109.33503836317135
10625,7,6,1974,1974,1053,1173,0,1173,2,0,3,6,2,2,528,0,120,0,2010,1,170000,36,36,2226,2.0,144.92753623188406
12209,6,5,2001,2002,804,804,1157,1961,2,1,3,7,1,2,560,125,192,0,2009,6,215000,8,7,2765,2.5,109.63793982661907
10852,6,5,2000,2000,959,959,712,1671,2,1,3,7,1,2,472,0,38,0,2006,2,173000,6,6,2630,2.5,103.5308198683423
12090,8,5,1998,1998,1141,1165,1098,2263,2,1,4,10,1,2,420,144,123,0,2006,7,258000,8,8,3404,2.5,114.00795404330535
14115,6,7,1956,2004,1073,1811,0,1811,1,0,2,6,1,2,470,0,0,0,2006,7,230000,50,2,2884,1.0,127.00165654334621
6000,4,4,1920,1950,960,960,0,960,1,0,2,5,0,1,308,0,0,0,2007,7,108500,87,57,1920,1.0,113.02083333333333
10357,7,5,1990,1991,910,1442,0,1442,2,0,3,6,1,2,719,0,244,0,2007,5,179900,17,16,2352,2.0,124.75728155339806
11216,8,5,2006,2006,1489,1489,0,1489,2,0,3,7,1,2,776,0,140,0,2006,6,232600,0,0,2978,2.0,156.21222296843519
21695,6,9,1988,2007,880,1680,0,1680,2,0,3,5,1,2,540,292,44,0,2009,12,222000,21,2,2560,2.0,132.14285714285714
5700,7,7,1926,1950,572,572,539,1111,1,0,2,5,1,1,288,0,0,0,2008,8,116900,82,58,1683,1.0,105.22052205220523
11670,9,5,2006,2006,1905,1905,0,1905,2,0,3,8,1,3,788,0,191,0,2007,3,320000,1,1,3810,2.0,167.97900262467192
9560,5,7,1972,1972,864,864,0,864,1,0,3,5,0,1,288,0,0,0,2006,6,128500,34,34,1728,1.0,148.72685185185185
6600,5,5,1962,1962,894,894,0,894,1,0,2,5,0,1,308,0,0,0,2009,8,109500,47,47,1788,1.0,122.48322147651007
11512,6,7,1959,2006,1019,1357,0,1357,1,0,2,5,1,1,312,0,0,0,2008,5,177000,49,2,2376,1.0,130.43478260869566
10226,8,5,2008,2008,1622,1630,0,1630,2,0,3,8,1,3,860,172,42,0,2009,1,295493,1,1,3252,2.0,181.2840490797546
9297,5,5,1976,1976,1728,1728,0,1728,2,0,4,8,0,2,560,0,0,0,2006,7,188000,30,30,3456,2.0,108.79629629629629
7082,5,8,1916,1995,686,948,980,1928,2,0,5,10,0,0,0,0,0,0,2006,7,160000,90,11,2614,2.0,82.98755186721992
10382,6,5,1958,1958,588,1095,0,1095,1,0,2,6,0,1,264,0,0,0,2006,3,140000,48,48,1683,1.0,127.85388127853881
20431,9,5,2005,2006,1848,1848,880,2728,2,1,4,10,2,3,706,0,0,0,2006,4,437154,1,0,4576,2.5,160.24706744868035
12155,6,8,1925,1950,672,810,672,1482,2,0,4,7,0,1,400,0,0,0,2008,3,140000,83,58,2154,2.0,94.46693657219973
5820,3,8,1955,2005,1162,1163,0,1163,1,0,3,6,0,1,220,142,98,0,2006,7,126175,51,1,2325,1.0,108.49097162510748
7943,4,5,1961,1961,1029,1029,0,1029,1,0,3,5,0,1,261,64,0,0,2007,4,118500,46,46,2058,1.0,115.1603498542274
4608,4,6,1945,1950,747,747,0,747,1,0,2,4,0,1,220,0,0,0,2010,6,80000,65,60,1494,1.0,107.095046854083
10991,8,5,2007,2007,1571,1571,0,1571,2,0,3,7,1,3,722,100,36,0,2007,12,239000,0,0,3142,2.0,152.1323997453851
10791,4,5,1967,1967,0,1296,0,1296,2,0,2,6,0,2,516,0,0,0,2006,10,90000,39,39,1296,2.0,69.44444444444444
8658,6,5,1965,1965,1088,1324,0,1324,2,0,3,6,1,2,440,0,138,0,2006,12,160000,41,41,2412,2.0,120.84592145015105
11414,7,8,1910,1993,728,1136,883,2019,1,0,3,8,0,2,532,509,135,0,2009,10,167500,99,16,2747,1.0,82.96186230807331
12416,6,5,1986,1986,1606,1651,0,1651,2,0,3,7,1,2,616,192,0,0,2008,11,184000,22,22,3257,2.0,111.44760751059964
8892,5,7,1953,1996,105,910,0,910,1,0,3,5,0,2,414,196,0,0,2008,10,116000,55,12,1015,1.0,127.47252747252747
7200,7,5,2006,2006,1293,1301,0,1301,2,0,2,5,1,2,572,216,121,0,2006,8,187750,0,0,2594,2.0,144.31206764027672
9590,7,5,2003,2003,868,1146,0,1146,2,0,3,6,1,2,438,160,22,0,2007,5,187500,4,4,2014,2.0,163.61256544502618
11885,8,5,2001,2001,1299,1299,573,1872,2,1,3,7,1,2,531,160,122,0,2009,11,261500,8,8,3171,2.5,139.69017094017093
115149,7,5,1971,2002,1643,1824,0,1824,2,0,2,5,2,2,739,380,48,0,2007,6,302000,36,5,3467,2.0,165.5701754385965
15431,10,5,2008,2008,3094,2402,0,2402,2,0,2,10,2,3,672,0,72,0,2009,4,555000,1,1,5496,2.0,231.05745212323063
9742,8,5,2002,2002,1777,1795,0,1795,2,0,3,7,1,2,534,171,159,0,2008,9,230000,6,6,3572,2.0,128.13370473537606
9492,5,5,1941,1950,768,968,408,1376,1,0,3,6,1,1,240,0,0,0,2007,4,105000,66,57,2144,1.0,76.30813953488372
12095,6,6,1964,1964,1127,1445,0,1445,1,1,3,7,1,2,645,180,0,0,2009,8,158000,45,45,2572,1.5,109.34256055363322
7018,5,5,1979,1979,1086,1224,0,1224,0,2,2,6,2,2,528,120,0,0,2009,6,153337,30,30,2310,1.0,125.27532679738562
3182,7,5,2005,2006,1346,1504,0,1504,2,0,1,7,1,2,457,156,0,0,2009,5,181000,4,3,2850,2.0,120.34574468085107
12968,5,6,1962,1962,912,912,0,912,1,0,2,4,0,1,352,140,0,0,2008,9,144000,46,46,1824,1.0,157.89473684210526
10335,5,6,1968,1993,1461,1721,0,1721,2,1,3,7,1,2,440,0,96,0,2006,7,180000,38,13,3182,2.5,104.59035444509006
9600,5,6,1959,1959,1041,1041,0,1041,1,0,3,6,0,1,270,224,88,0,2009,7,124500,50,50,2082,1.0,119.59654178674351
9250,5,7,1954,2005,1056,1056,0,1056,1,0,3,6,0,1,260,390,0,0,2007,7,139400,53,2,2112,1.0,132.00757575757575
8877,4,6,1938,1958,816,816,0,816,1,0,2,3,1,1,288,0,0,0,2009,5,100000,71,51,1632,1.0,122.54901960784314
8738,7,5,1999,1999,975,1005,1286,2291,2,1,4,8,1,2,429,192,0,0,2006,2,230000,7,7,3266,2.5,100.39284155390659
13031,6,5,1995,1996,691,691,807,1498,2,1,3,6,1,2,409,315,44,0,2006,7,187500,11,10,2189,2.5,125.16688918558077
22950,10,9,1892,1993,1107,1518,1518,3608,2,1,4,12,2,3,840,0,260,0,2006,6,475000,114,13,4143,2.5,131.6518847006652
10000,5,6,1973,2000,1176,1178,0,1178,1,1,3,5,1,2,439,224,0,0,2008,11,157000,35,8,2354,1.5,133.276740237691
10000,8,5,2006,2006,1588,1588,0,1588,2,0,3,7,1,3,825,144,45,0,2007,12,227000,1,1,3176,2.0,142.9471032745592
1680,6,5,1971,1971,672,672,546,1218,1,1,3,7,0,0,0,201,0,0,2006,4,91500,35,35,1890,1.5,75.1231527093596
12438,8,5,2006,2006,1234,1264,1312,2576,2,1,4,10,1,3,666,324,100,0,2006,7,361919,0,0,3810,2.5,140.49650621118013
8544,3,4,1950,1950,0,1040,0,1040,2,0,2,6,0,2,400,0,0,0,2009,6,92900,59,59,1040,2.0,89.32692307692308
11120,6,6,1984,1984,1232,1232,0,1232,2,0,3,6,0,2,516,0,0,0,2008,6,162500,24,24,2464,2.0,131.89935064935065
9735,5,5,2006,2007,384,754,640,1394,2,1,3,7,0,2,400,100,0,0,2008,5,167500,2,1,1778,2.5,120.15781922525107
11333,6,5,1976,1976,1029,1062,0,1062,1,0,3,5,2,2,539,120,0,0,2007,5,146800,31,31,2091,1.0,138.2297551789077
10240,8,5,2005,2005,1030,1038,1060,2098,2,1,3,8,1,3,878,192,52,0,2006,3,275500,1,1,3128,2.5,131.3155386081983
10896,6,7,1914,1995,1440,1440,1440,3395,2,0,8,14,0,0,0,0,110,0,2007,3,200000,93,12,4320,2.0,58.910162002945505
8235,5,7,1955,1995,825,825,0,825,1,0,2,4,0,2,720,140,50,0,2008,6,125000,53,13,1650,1.0,151.5151515151515
11200,5,5,1965,1965,1040,1040,0,1040,1,0,3,5,0,1,384,0,0,0,2008,2,129500,43,43,2080,1.0,124.51923076923077
4590,8,5,2006,2006,1554,1554,0,1554,2,0,2,6,1,2,627,156,73,0,2007,8,209500,1,1,3108,2.0,134.8133848133848
15426,6,5,1997,1997,928,928,836,1764,2,1,3,7,0,2,470,276,99,0,2009,8,231500,12,12,2692,2.5,131.2358276643991
12798,6,5,1997,1997,616,616,1072,1688,2,1,4,8,0,2,603,403,114,0,2008,5,200000,11,11,2304,2.5,118.48341232227489
3182,8,5,2004,2005,1256,1269,0,1269,2,0,2,6,1,2,430,146,20,0,2010,4,192000,6,5,2525,2.0,151.30023640661938
8800,6,7,1963,1963,936,1054,0,1054,1,0,3,6,0,2,480,120,0,0,2010,5,137500,47,47,1990,1.0,130.45540796963948
25000,5,4,1967,1967,1632,1632,0,1632,2,0,4,8,0,2,576,0,0,0,2007,6,143000,40,40,3264,2.0,87.62254901960785
4118,4,4,1941,1950,693,693,0,693,1,0,2,4,0,0,0,0,20,0,2006,3,52500,65,56,1386,1.0,75.75757575757575
6300,6,6,1914,2001,742,742,742,1484,2,0,3,9,1,0,0,0,291,0,2008,6,128000,94,7,2226,2.0,86.2533692722372
14145,7,7,1984,1998,1208,1621,0,1621,2,0,3,8,0,2,440,108,45,0,2006,5,202500,22,8,2829,2.0,124.92288710672425
7990,5,6,1975,1975,924,924,0,924,1,0,3,5,0,1,280,0,0,0,2008,4,110000,33,33,1848,1.0,119.04761904761905
9738,5,7,1924,1950,784,949,272,1221,1,0,4,7,0,1,392,0,0,0,2006,3,104900,82,56,2005,1.0,85.91318591318591
9503,5,5,1958,1983,1024,1344,0,1344,1,0,2,6,1,1,484,316,28,0,2007,6,144000,49,24,2368,1.0,107.14285714285714
5890,6,8,1930,2007,816,816,0,816,1,0,2,5,0,1,432,0,0,0,2008,6,120500,78,1,1632,1.0,147.67156862745097
10012,4,5,1972,1972,1138,1181,0,1181,2,0,3,6,0,2,588,0,0,0,2008,4,137500,36,36,2319,2.0,116.42675698560542
8765,4,6,1936,1950,951,951,0,951,1,0,2,6,0,1,327,0,28,0,2006,4,106500,70,56,1902,1.0,111.98738170347004
19378,7,5,2005,2006,1392,1392,1070,2462,2,1,4,9,1,2,576,239,132,0,2006,3,320000,1,0,3854,2.5,129.97562956945572
7800,5,5,1965,1965,828,965,0,965,1,0,3,6,0,1,300,421,0,0,2006,7,119900,41,41,1793,1.0,124.24870466321244
8125,6,5,1994,1998,1408,1679,0,1679,2,0,3,7,1,2,575,224,42,0,2008,10,193500,14,10,3087,2.0,115.2471709350804
3072,7,5,2004,2004,1375,1414,0,1414,2,0,2,6,1,2,398,144,20,0,2006,5,178740,2,2,2789,2.0,126.4073550212164
4456,4,5,1920,2008,736,736,716,1452,2,0,2,8,0,0,0,0,0,0,2009,6,113000,89,1,2188,2.0,77.8236914600551
11316,7,5,2002,2003,817,824,1070,1894,2,1,4,8,1,2,510,0,40,0,2010,2,214900,8,7,2711,2.5,113.4635691657867
9750,6,8,1969,1969,1054,1054,0,1054,1,1,3,6,0,2,460,180,0,0,2008,7,151000,39,39,2108,1.5,143.2637571157495
11275,6,7,1932,1950,854,1096,895,1991,1,1,3,7,1,2,432,0,0,0,2007,3,220000,75,57,2845,1.5,110.49723756906077
10264,7,5,1999,1999,1588,1588,0,1588,2,0,3,6,0,2,472,158,29,0,2006,8,214000,7,7,3176,2.0,134.76070528967256
21000,6,5,1953,1953,1809,2259,0,2259,2,0,3,7,2,2,450,166,120,0,2007,10,217000,54,54,4068,2.0,96.06020362992474
9439,5,5,1930,1950,912,912,336,1248,1,0,2,6,0,1,160,0,0,0,2007,3,87000,77,57,2160,1.0,69.71153846153847
8000,6,5,1995,1996,773,773,885,1658,2,1,3,8,1,2,431,224,84,0,2008,6,188000,13,12,2431,2.5,113.38962605548853
8402,5,5,2007,2007,1120,1120,0,1120,1,0,3,6,0,0,0,0,30,0,2007,12,147000,0,0,2240,1.0,131.25
10440,5,6,1910,1981,440,682,548,1230,1,1,2,5,0,2,440,74,0,0,2009,5,110000,99,28,1670,1.5,89.4308943089431
10382,7,6,1973,1973,1107,1107,983,2090,2,1,3,7,2,2,484,235,204,0,2009,11,200000,36,36,3197,2.5,95.69377990430623
10335,7,5,1999,1999,1490,1501,0,1501,2,0,3,6,0,2,577,144,29,0,2009,6,204000,10,10,2991,2.0,135.90939373750834
8532,5,6,1954,1990,1297,1297,0,1297,1,0,3,5,1,2,498,0,0,0,2009,10,153000,55,19,2594,1.0,117.96453353893601
8125,7,5,2006,2007,1092,1112,438,1550,2,0,2,7,0,2,438,0,168,0,2009,10,241000,3,2,2642,2.0,155.48387096774192
1953,6,5,1973,1973,483,483,504,987,1,1,2,5,0,1,264,72,0,0,2006,6,83000,33,33,1470,1.5,84.09321175278622
12513,4,4,1920,2007,715,1281,457,1738,2,0,4,7,1,1,368,55,0,0,2009,6,104900,89,2,2453,2.0,60.35673187571922
13517,6,8,1976,2005,725,725,754,1479,2,1,3,6,0,2,475,0,44,0,2010,3,130500,34,5,2204,2.5,88.23529411764706
9600,6,8,1976,1976,1262,1262,0,1262,2,0,3,6,1,2,460,298,0,0,2007,5,181500,31,31,2524,2.0,143.81933438985737
12394,7,5,2003,2003,847,847,886,1733,2,1,3,7,1,2,433,100,48,0,2007,10,225000,4,4,2580,2.5,129.8326601269475
13006,7,5,1997,1997,964,993,1243,2236,2,1,4,8,1,2,642,0,0,0,2006,11,222000,9,9,3200,2.5,99.28443649373882
7340,4,6,1971,1971,858,858,0,858,1,0,2,4,0,1,684,0,0,0,2007,6,110000,36,36,1716,1.0,128.2051282051282
17500,7,8,1959,2002,1902,1902,0,1902,2,0,3,7,2,2,567,0,207,0,2010,5,335000,51,8,3804,2.0,176.130389064143
10355,5,5,1967,1967,1214,1214,0,1214,2,0,3,5,1,1,318,0,111,0,2007,7,143000,40,40,2428,2.0,117.79242174629324
7200,6,6,1976,1976,1041,1125,0,1125,1,0,3,6,1,1,352,296,0,0,2009,10,125000,33,33,2166,1.0,111.11111111111111
14000,7,5,1996,1997,1306,1306,954,2260,2,1,3,7,0,2,533,296,44,0,2010,4,328000,14,13,3566,2.5,145.13274336283186
8749,7,5,2002,2002,1459,1459,0,1459,2,0,3,6,1,2,527,192,39,0,2007,9,192000,5,5,2918,2.0,131.59698423577794
18890,5,5,1977,1977,1361,1361,1259,2620,2,2,4,12,1,2,600,155,24,0,2007,8,190000,30,30,3981,3.0,72.51908396946565
2448,7,5,2003,2004,764,764,862,1626,2,1,2,6,0,2,474,0,27,0,2008,10,154000,5,4,2390,2.5,94.71094710947109
9353,4,5,1970,1970,864,864,0,864,1,0,3,5,0,1,280,0,0,0,2006,7,116050,36,36,1728,1.0,134.31712962962962
8750,7,5,1994,1995,915,933,975,1908,2,1,4,8,1,2,493,144,133,0,2008,7,210000,14,13,2823,2.5,110.062893081761
9600,6,6,1955,1996,992,1661,0,1661,1,0,3,8,1,1,377,0,28,0,2008,10,165500,53,12,2653,1.0,99.6387718242023
12274,7,5,2008,2008,1417,1428,0,1428,2,0,3,6,0,2,554,0,60,0,2008,7,227680,0,0,2845,2.0,159.43977591036415
11435,8,7,1929,1950,792,792,725,1517,1,0,3,7,2,2,400,0,0,0,2006,6,230000,77,56,2309,1.0,151.61502966381016
7758,7,4,1931,1950,1040,1226,592,1818,1,1,4,7,2,1,240,0,0,0,2007,6,169500,76,57,2858,1.5,93.23432343234323
12444,8,5,2008,2008,1932,1932,0,1932,2,0,2,7,1,3,774,0,66,0,2008,11,394617,0,0,3864,2.0,204.25310559006212
14450,9,5,2006,2007,2121,2121,0,2121,2,1,3,8,1,3,732,124,98,0,2007,5,415298,1,0,4242,2.5,195.8029231494578
10240,6,6,1980,1980,1686,1686,0,1686,2,0,3,7,1,2,612,384,131,0,2006,5,207500,26,26,3372,2.0,123.0723606168446
15384,7,5,2004,2005,788,788,702,1490,2,1,3,8,1,2,388,100,75,0,2008,2,184000,4,3,2278,2.5,123.48993288590604
10120,7,4,1910,1950,925,964,925,1889,1,1,4,9,1,1,308,0,0,0,2007,1,122000,97,57,2814,1.5,64.58443620963473
10010,5,5,1974,1975,1389,1389,0,1389,1,0,2,6,1,2,418,240,38,0,2006,4,170000,32,31,2778,1.0,122.39020878329734
7200,5,5,1980,1980,936,936,0,936,1,0,2,4,0,2,672,49,0,0,2007,8,140000,27,27,1872,1.0,149.57264957264957
7937,6,6,1984,1984,1003,1003,0,1003,1,0,3,6,0,2,588,120,0,0,2006,3,142500,22,22,2006,1.0,142.073778664008
9313,7,5,2004,2004,864,864,864,1728,2,1,3,7,0,2,572,187,56,0,2009,4,190000,5,5,2592,2.5,109.95370370370371
6120,7,5,1931,1950,952,1022,752,1774,2,0,2,8,2,2,468,90,0,0,2008,4,129900,77,58,2726,2.0,73.22435174746336
8849,9,5,2005,2005,1684,1684,0,1684,2,0,2,6,1,2,564,495,72,0,2008,7,266000,3,3,3368,2.0,157.95724465558195
5814,8,5,1984,1984,1220,1360,0,1360,1,0,1,4,1,2,565,63,0,0,2009,8,187500,25,25,2580,1.0,137.86764705882354
36500,5,5,1964,1964,1624,1582,0,1582,2,0,4,7,0,2,390,168,198,0,2006,6,190000,42,42,3206,2.0,120.10113780025284
6780,6,8,1935,1982,520,520,0,754,1,0,2,5,0,0,0,53,0,0,2006,6,84500,71,24,1040,1.0,112.06896551724138
15863,7,3,1920,1970,824,1687,998,3082,2,1,5,12,2,2,672,136,63,0,2009,8,197000,89,39,3509,2.5,63.91953277092797
7200,5,7,1920,1996,530,581,530,1111,1,0,3,6,0,1,288,0,0,0,2007,3,101000,87,11,1641,1.0,90.9090909090909
7700,5,5,1972,1972,882,882,0,882,1,0,3,5,0,2,461,96,0,0,2007,3,112500,35,35,1764,1.0,127.55102040816327
7200,5,4,1910,2006,1022,1022,0,1022,1,0,2,4,0,1,280,0,30,0,2009,6,85000,99,3,2044,1.0,83.17025440313111
7350,5,7,1951,1951,952,952,0,952,1,0,2,4,0,2,840,0,0,0,2008,6,139000,57,57,1904,1.0,146.00840336134453
4571,5,5,1916,1950,624,624,720,1344,1,0,4,7,0,3,513,0,0,0,2008,5,98000,92,58,1968,1.0,72.91666666666667
5330,8,5,2000,2000,1494,1652,0,1652,2,0,2,6,0,2,499,96,48,0,2007,8,251000,7,7,3146,2.0,151.9370460048426
17503,6,5,1948,1950,912,912,546,1458,1,0,3,6,1,1,330,192,0,0,2010,1,97500,62,60,2370,1.0,66.8724279835391
17400,5,5,1977,1977,1126,1126,0,1126,2,0,3,5,1,2,484,295,41,0,2006,5,160000,29,29,2252,2.0,142.09591474245116
7642,7,8,1918,1998,912,912,514,1426,1,1,3,7,1,1,216,0,240,0,2007,6,189950,89,9,2338,1.5,133.2047685834502
11218,6,5,1992,1992,1055,1055,790,1845,2,1,3,8,1,2,462,635,104,0,2010,5,189000,18,18,2900,2.5,102.4390243902439
11000,5,6,1966,1966,1154,1154,0,1154,1,1,3,6,1,2,480,0,58,0,2009,11,154000,43,43,2308,1.5,133.44887348353552
9400,6,5,1975,1975,945,980,0,980,2,0,4,4,0,0,0,0,0,0,2006,10,127500,31,31,1925,2.0,130.10204081632654
6420,5,7,1952,1952,980,1148,0,1148,1,0,2,6,0,1,308,0,0,0,2006,9,123500,54,54,2128,1.0,107.57839721254355
8250,6,7,1964,1964,1092,1092,0,1092,1,0,3,6,0,2,504,0,0,0,2008,7,145000,44,44,2184,1.0,132.78388278388277
15611,8,5,2006,2006,1079,1079,840,1919,2,1,3,8,1,2,685,0,51,0,2006,7,233230,0,0,2998,2.5,121.5372589890568
10998,5,5,1941,1960,984,984,620,1604,2,0,3,6,0,2,660,0,68,0,2009,7,117000,68,49,2588,2.0,72.9426433915212
7032,5,5,1979,1979,943,943,0,943,1,0,2,4,2,2,600,42,0,0,2006,12,135960,27,27,1886,1.0,144.17815482502652
14948,9,5,2008,2008,1452,1476,1237,2713,2,1,3,11,1,3,858,126,66,0,2008,11,446261,0,0,4165,2.5,164.48986361960928
2217,4,4,1970,1970,546,546,546,1092,1,1,3,6,0,1,286,238,0,0,2009,8,88000,39,39,1638,1.5,80.58608058608058
7018,5,5,1979,1979,0,1535,0,1535,2,0,4,8,0,2,410,0,0,0,2009,6,118964,30,30,1535,2.0,77.50097719869707
10200,5,7,1954,2003,1086,1086,0,1086,1,0,3,6,0,2,490,0,0,0,2010,5,144900,56,7,2172,1.0,133.4254143646409
7588,7,6,1920,1950,793,901,901,1802,1,1,4,9,1,1,216,0,0,0,2006,7,200100,86,56,2595,1.5,111.04328523862375
8339,5,7,1959,1959,0,882,0,882,1,0,3,5,0,1,294,0,0,0,2007,7,106500,48,48,882,1.0,120.74829931972789
9000,5,3,1959,1959,1006,1006,0,1006,1,0,3,5,0,0,0,0,24,0,2008,7,80000,49,49,2012,1.0,79.52286282306163
10029,6,5,1988,1989,1151,1164,896,2060,2,1,4,8,1,2,521,0,228,0,2007,9,211000,19,18,3211,2.5,102.42718446601941
8400,7,5,2004,2005,1473,1484,0,1484,2,0,3,7,0,2,606,0,35,0,2010,5,213000,6,5,2957,2.0,143.5309973045822
11003,10,5,2008,2008,1017,1026,981,2007,2,1,3,10,1,3,812,168,52,0,2009,4,310000,1,1,3024,2.5,154.45939212755357
9020,6,5,1964,1964,1248,1350,0,1350,1,1,3,6,0,2,520,176,0,0,2008,6,168500,44,44,2598,1.5,124.81481481481481
13000,6,6,1968,1968,896,1182,960,2142,2,1,4,8,1,1,509,0,72,0,2009,6,193500,41,41,3038,2.5,90.33613445378151
57200,5,5,1948,1950,747,1687,0,1687,1,0,3,7,2,2,572,0,0,0,2010,6,160000,62,60,2434,1.0,94.84291641967991
17043,6,5,1979,1998,1362,1586,0,1586,2,0,3,7,1,2,435,192,0,0,2009,1,181000,30,11,2948,2.0,114.12358133669609
10652,7,5,2006,2007,1494,1494,0,1494,2,0,3,7,1,3,840,160,33,0,2007,8,279500,1,0,2988,2.0,187.08165997322624
4435,6,5,2003,2003,848,848,0,848,1,0,1,3,0,2,420,140,0,0,2007,11,131500,4,4,1696,1.0,155.07075471698113
10452,6,5,1953,1953,1094,1094,0,1094,1,0,3,5,2,2,495,0,0,0,2008,6,155000,55,55,2188,1.0,141.6819012797075
12384,7,7,1976,1976,793,1142,793,1935,2,1,3,7,1,2,550,0,113,0,2007,11,197900,31,31,2728,2.5,102.27390180878552
12090,6,6,1981,1981,1422,1422,0,1422,2,0,3,7,1,2,576,276,0,0,2008,6,175500,27,27,2844,2.0,123.41772151898734
9120,7,6,1925,1950,1026,1133,687,1820,2,0,4,8,0,1,240,0,100,0,2008,6,184000,83,58,2846,2.0,101.0989010989011
12160,6,4,1953,1953,1505,1505,0,1505,1,0,2,6,1,2,505,0,0,0,2009,2,149500,56,56,3010,1.0,99.33554817275747
8530,7,5,1995,1996,384,804,670,1474,2,1,3,7,1,2,400,120,72,0,2009,5,168500,14,13,1858,2.5,114.31478968792402
2308,6,6,1976,1976,804,804,744,1548,2,1,3,7,1,2,440,48,0,0,2007,7,155000,31,31,2352,2.5,100.12919896640827
5119,9,5,1999,2000,1698,1709,0,1709,2,0,2,5,1,2,506,97,65,0,2008,1,328900,9,8,3407,2.0,192.45172615564658
1869,6,6,1970,1970,483,483,504,987,1,1,2,5,0,1,280,0,0,0,2008,9,106000,38,38,1470,1.5,107.39614994934144
5105,7,5,2004,2004,551,551,551,1102,2,1,2,4,0,2,480,0,60,0,2007,3,148800,3,3,1653,2.5,135.02722323049002
10480,6,5,1936,1950,1064,1166,0,1639,1,0,3,6,0,1,240,0,0,0,2008,3,115000,72,58,2230,1.0,70.1647345942648
10680,5,3,1951,1951,2136,2136,0,2136,2,0,4,7,0,2,528,0,30,0,2006,10,137900,55,55,4272,2.0,64.55992509363296
12328,6,5,1976,1976,1012,1034,0,1034,1,0,3,6,0,3,888,0,0,0,2010,5,169900,34,34,2046,1.0,164.31334622823985
9490,6,7,1941,1950,806,958,620,1578,1,0,3,5,2,1,240,0,0,0,2006,8,133000,65,56,2384,1.0,84.28390367553865
9464,6,7,1958,1958,1080,1080,0,1080,1,0,3,5,0,1,288,0,0,0,2008,6,136000,50,50,2160,1.0,125.92592592592592
9965,7,5,2007,2007,1264,1282,1414,2696,2,1,4,10,1,3,792,120,184,0,2007,10,383970,0,0,3960,2.5,142.4221068249258
9142,6,8,1910,1950,1020,908,1020,1928,2,0,4,9,0,1,440,0,60,0,2006,4,137000,96,56,2948,2.0,71.05809128630706
14000,6,8,1950,2004,1092,1152,0,1152,1,0,3,6,1,1,300,0,36,0,2009,8,158500,59,5,2244,1.0,137.58680555555554
10448,6,6,1972,1972,689,1378,741,2119,2,1,3,7,1,2,583,0,104,0,2009,8,158000,37,37,2808,2.5,74.56347333647948
9000,6,5,1956,1956,1196,1196,0,1196,1,0,2,6,1,1,297,0,44,0,2008,5,139000,52,52,2392,1.0,116.22073578595318
9042,6,5,1998,1998,943,943,695,1638,2,1,3,7,2,2,472,100,38,0,2008,7,192000,10,10,2581,2.5,117.21611721611721
10667,7,6,1996,1996,799,827,834,1661,2,1,3,6,1,2,550,158,61,0,2009,4,212000,13,13,2460,2.5,127.63395544852499
10625,7,5,2005,2005,1026,1026,932,1958,2,1,3,9,1,3,936,154,210,0,2008,7,250000,3,3,2984,2.5,127.68130745658836
8846,6,5,2005,2006,750,750,750,1500,2,1,3,6,0,2,564,0,35,0,2006,8,173900,1,0,2250,2.5,115.93333333333334
10200,5,8,1940,1997,672,672,0,672,1,0,2,4,0,1,240,168,0,0,2008,8,108000,68,11,1344,1.0,160.71428571428572
7630,5,9,1900,1996,360,1032,780,1812,2,0,4,8,1,2,672,344,0,0,2010,5,140000,110,14,2172,2.0,77.2626931567329
26178,7,5,1989,1990,1210,1238,1281,2519,2,1,4,9,2,2,628,320,27,0,2006,4,335000,17,16,3729,2.5,132.9892814608972
3951,6,5,2009,2009,612,612,612,1224,2,1,2,4,0,2,528,0,234,0,2009,6,164500,0,0,1836,2.5,134.3954248366013
7406,7,5,2006,2006,1199,1220,0,1220,2,0,2,6,0,2,632,105,54,0,2006,7,194000,0,0,2419,2.0,159.01639344262296
9938,7,5,1993,1994,1050,1062,887,1949,2,1,3,8,1,2,574,156,90,0,2010,6,236000,17,16,2999,2.5,121.0877373011801
16905,5,6,1959,1959,1350,1328,0,1328,1,1,2,5,2,1,308,0,104,0,2007,7,170000,48,48,2678,1.5,128.0120481927711
7024,5,5,2005,2006,1090,1090,0,1090,1,1,2,5,0,2,450,0,49,0,2007,6,157000,2,1,2180,1.5,144.03669724770643
11664,6,5,1948,1950,1082,1082,0,1082,1,0,2,5,1,1,240,0,130,0,2007,11,119200,59,57,2164,1.0,110.16635859519408
9018,7,5,2007,2007,728,728,728,1456,2,1,3,8,1,2,400,100,24,0,2007,7,179540,0,0,2184,2.5,123.31043956043956
10500,5,7,1971,2005,372,576,533,1109,1,0,3,5,0,1,288,35,0,0,2007,12,139000,36,2,1481,1.0,125.33814247069432
9000,4,6,1971,1971,864,864,0,864,1,0,3,5,0,2,528,0,0,0,2007,5,120500,36,36,1728,1.0,139.46759259259258
9430,8,5,1999,1999,1252,1268,1097,2365,2,1,3,8,1,3,856,0,128,0,2009,7,337000,10,10,3617,2.5,142.49471458773783
3675,5,5,2005,2005,547,1072,0,1072,1,0,2,5,0,2,525,0,28,0,2006,5,145000,1,1,1619,1.0,135.26119402985074
10400,7,6,1970,1970,1304,1682,0,1682,2,0,3,7,1,2,530,98,0,0,2008,5,174000,38,38,2986,2.0,103.44827586206897
10800,6,7,1905,2000,482,1221,691,1912,2,0,3,7,1,2,672,0,25,0,2008,4,163000,103,8,2394,2.0,85.2510460251046
7750,7,5,2003,2003,660,660,660,1320,2,1,3,6,0,2,400,0,48,0,2007,8,162000,4,4,1980,2.5,122.72727272727273
10400,6,5,1972,1972,732,1012,778,1790,1,2,4,8,1,2,484,148,0,0,2006,11,165150,34,34,2522,2.0,92.26256983240224
14850,5,5,1957,1957,1092,1092,0,1092,1,0,2,6,1,1,299,268,0,0,2006,5,141000,49,49,2184,1.0,129.12087912087912
9303,6,5,1996,1997,872,888,868,1756,2,1,3,7,0,2,422,144,122,0,2007,7,204000,11,10,2628,2.5,116.17312072892939
10410,3,4,1915,1950,672,694,520,1214,1,0,3,6,0,3,936,216,0,0,2006,1,105000,91,56,1886,1.0,86.49093904448105
6240,4,5,1925,1950,780,848,0,1208,1,0,2,5,0,2,539,0,23,0,2009,1,103000,84,59,1628,1.0,85.26490066225166
8049,7,5,1990,1990,1309,1339,0,1339,2,0,2,6,1,2,484,0,58,0,2006,7,180000,16,16,2648,2.0,134.42867811799852
12118,7,5,2004,2005,1710,1710,0,1710,2,0,3,7,1,2,550,100,48,0,2009,4,240000,5,4,3420,2.0,140.35087719298247
14230,8,5,2007,2007,1566,1600,0,1600,2,0,3,7,1,3,890,0,56,0,2009,7,256300,2,2,3166,2.0,160.1875
9672,6,5,1984,1985,1040,1097,0,1097,2,0,3,6,0,2,480,0,0,0,2010,5,152000,26,25,2137,2.0,138.55970829535096
7415,6,5,2004,2004,839,864,729,1593,2,1,3,8,1,2,398,100,75,0,2008,4,193000,4,4,2432,2.5,121.15505335844318
8405,5,8,1900,1950,861,961,406,1367,1,0,4,7,0,1,384,0,130,0,2008,4,119000,108,58,2228,1.0,87.05193855157279
20896,8,5,2005,2006,2077,2097,0,2097,1,1,1,8,1,3,1134,192,267,0,2006,1,423000,1,0,4174,1.5,201.7167381974249
8123,6,5,2000,2000,982,1007,793,1800,2,1,3,7,1,2,463,100,63,0,2009,6,179000,9,9,2782,2.5,99.44444444444444
5400,6,7,1926,2004,1149,1149,467,1616,2,0,3,5,0,1,216,0,0,0,2007,10,152000,81,3,2765,2.0,94.05940594059406
8125,7,6,2007,2007,813,822,843,1665,2,1,3,7,0,2,562,0,0,0,2008,5,205950,1,1,2478,2.5,123.69369369369369
12220,10,5,2009,2009,2006,2020,0,2020,2,1,3,9,1,3,900,156,54,0,2009,9,402861,0,0,4026,2.5,199.43613861386137
7015,5,4,1950,1950,709,979,224,1203,1,0,3,5,1,1,352,0,0,0,2009,7,110000,59,59,1912,1.0,91.4380714879468
10615,3,5,1900,1970,978,1014,685,1699,2,0,3,7,0,2,420,0,74,0,2009,8,95000,109,39,2677,2.0,55.915244261330194
3010,7,5,2005,2006,1248,1248,0,1248,2,0,2,5,0,2,438,108,0,0,2006,3,167240,1,0,2496,2.0,134.00641025641025
9965,8,5,2006,2007,1466,1466,1362,2828,3,0,4,11,1,3,1052,125,144,0,2007,4,424870,1,0,4294,3.0,150.23691654879772
16321,5,6,1957,1997,1484,1600,0,1600,1,0,2,6,2,1,319,288,258,0,2006,12,207500,49,9,3084,1.0,129.6875
9612,8,5,2008,2009,1468,1468,0,1468,2,0,3,6,1,3,898,210,150,0,2009,12,244600,1,0,2936,2.0,166.62125340599454
7153,6,5,1991,1991,1278,1294,0,1294,2,0,3,6,0,2,496,112,51,0,2008,6,179200,17,17,2572,2.0,138.48531684698608
6040,4,5,1955,1955,0,1152,0,1152,2,0,2,6,0,0,0,0,0,0,2008,6,82000,53,53,1152,2.0,71.18055555555556
6240,5,7,1930,1992,1078,1128,445,1573,2,0,3,8,1,2,360,0,0,0,2008,6,162900,78,16,2651,2.0,103.56007628734902
8760,6,6,1959,1959,1194,1194,0,1194,1,0,3,6,0,1,312,0,0,0,2010,4,148000,51,51,2388,1.0,123.95309882747068
11426,7,5,2003,2003,1362,1362,720,2082,2,1,3,6,0,2,484,280,238,0,2008,6,200000,5,5,3444,2.5,96.06147934678194
7931,5,6,1960,1960,1269,1269,0,1269,1,1,3,6,1,1,308,0,0,0,2008,6,155000,48,48,2538,1.5,122.14342001576044
14684,7,7,1990,1991,2158,2196,0,2196,2,0,3,7,1,3,701,84,70,0,2009,6,271900,19,18,4354,2.0,123.81602914389799
9600,6,7,1976,1994,528,1094,761,1855,2,1,3,7,1,2,512,113,100,0,2007,8,187000,31,13,2383,2.5,100.80862533692722
9500,6,6,1964,1978,816,1127,850,1977,1,1,4,9,1,2,540,0,52,0,2007,6,165000,43,29,2793,1.5,83.4597875569044
8529,7,5,2001,2001,1454,1434,0,1434,2,0,3,6,1,2,527,290,39,0,2009,4,189000,8,8,2888,2.0,131.79916317991632
31770,6,5,1960,1960,1080,1656,0,1656,1,0,3,7,2,2,528,210,62,0,2010,5,215000,50,50,2736,1.0,129.83091787439614
10921,4,5,1965,1965,960,960,0,960,1,0,3,6,0,1,432,120,0,0,2007,5,94750,42,42,1920,1.0,98.69791666666667
1533,4,6,1970,2008,546,798,546,1344,1,1,3,6,1,0,0,0,0,0,2009,5,97000,39,1,1890,1.5,72.17261904761905
10395,6,6,1978,1978,1032,1032,0,1032,2,0,3,6,1,2,564,0,0,0,2007,7,148000,29,29,2064,2.0,143.4108527131783
8499,6,5,2006,2007,616,616,796,1412,2,1,3,6,1,2,432,0,36,0,2007,3,156932,1,0,2028,2.5,111.14164305949008
9819,5,5,1967,1967,882,900,0,900,1,0,3,5,0,1,280,0,0,0,2010,2,122000,43,43,1782,1.0,135.55555555555554
14054,7,5,2006,2006,879,879,984,1863,2,1,4,9,1,3,660,100,17,0,2006,11,219210,0,0,2742,2.5,117.66505636070853
9549,8,5,1995,1996,1494,1494,0,1494,1,1,2,6,1,2,481,0,30,0,2006,4,270000,11,10,2988,1.5,180.72289156626505
9572,8,5,1990,1990,1453,1453,1357,2810,2,1,4,9,1,2,750,500,0,0,2007,6,302000,17,17,4263,2.5,107.47330960854093
11999,8,5,2003,2004,1181,1234,1140,2374,2,1,4,10,1,3,656,104,100,0,2007,5,285000,4,3,3555,2.5,120.05054759898904
10918,7,9,1926,2004,1276,1276,804,2080,1,1,3,9,2,1,282,0,0,0,2009,6,234000,83,5,3356,1.5,112.5
11194,8,5,2000,2000,1406,1454,482,1936,2,1,3,7,1,2,504,188,124,0,2006,11,230500,6,6,3342,2.5,119.0599173553719
7800,5,7,1967,2004,864,899,0,899,1,0,3,5,0,1,288,64,0,0,2009,6,130000,42,5,1763,1.0,144.60511679644048
8700,5,6,1963,1963,1120,1128,0,1128,2,0,3,6,0,2,525,192,20,0,2008,12,155000,45,45,2248,2.0,137.4113475177305
4388,5,7,1930,1950,672,840,0,840,1,0,3,5,1,0,0,0,0,0,2007,6,87000,77,57,1512,1.0,103.57142857142857
10635,8,5,2003,2003,1657,1668,0,1668,2,0,3,8,1,2,502,0,262,0,2010,5,232000,7,7,3325,2.0,139.08872901678657
8470,3,2,1915,1982,1013,1013,0,1526,1,0,2,6,0,0,0,0,0,0,2009,10,85000,94,27,2026,1.0,55.70117955439056
8500,5,7,1919,2005,793,997,520,1517,2,0,3,7,0,0,0,0,0,0,2007,8,115000,88,2,2310,2.0,75.80751483190508
7837,6,7,1993,1994,799,799,772,1571,2,1,3,7,1,2,380,0,40,0,2009,5,178000,16,15,2370,2.5,113.30362826225334
9600,5,7,1950,2007,1113,1113,0,1113,1,0,3,5,1,1,264,0,80,0,2009,7,147000,59,2,2226,1.0,132.0754716981132
4274,7,5,2006,2007,1241,1241,0,1241,1,1,1,4,0,2,569,0,116,0,2007,11,199900,1,0,2482,1.5,161.07977437550363
7134,5,5,1955,1955,384,1360,0,1360,1,0,3,6,1,2,572,0,50,0,2007,2,130000,52,52,1744,1.0,95.58823529411765
6120,5,7,1931,1993,715,875,0,875,1,0,2,5,0,1,180,48,0,0,2009,11,105000,78,16,1590,1.0,120.0
9170,5,7,1965,1965,1214,1214,0,1214,1,0,2,6,0,2,461,0,0,0,2007,4,140000,42,42,2428,1.0,115.32125205930807
11526,6,7,1922,1994,588,1423,748,2555,2,0,3,11,1,2,672,431,0,0,2008,9,191000,86,14,2759,2.0,74.75538160469668
10762,7,5,1999,1999,978,1005,978,1983,2,1,3,9,1,2,490,0,0,0,2009,5,225000,10,10,2961,2.5,113.464447806354
1974,4,5,1973,1973,546,546,546,1092,1,1,3,6,0,1,286,120,96,0,2010,5,83500,37,37,1638,1.5,76.46520146520146
8400,5,5,1968,1968,1052,1052,0,1052,1,1,3,5,0,1,288,356,0,0,2006,11,138500,38,38,2104,1.5,131.65399239543726
11428,8,5,2006,2006,1626,1634,0,1634,2,0,3,7,1,3,866,0,44,0,2007,5,250000,1,1,3260,2.0,152.99877600979192
9100,6,6,1959,1959,864,864,0,864,1,0,2,5,0,1,300,0,0,0,2009,10,127500,50,50,1728,1.0,147.56944444444446
7000,6,6,1924,1950,617,865,445,1310,2,0,2,6,0,1,398,0,0,0,2006,5,112000,82,56,1927,2.0,85.49618320610686
8800,4,7,1910,2004,576,792,348,1140,1,0,3,7,0,0,0,0,160,0,2010,6,96500,100,6,1716,1.0,84.64912280701755
10900,6,7,1977,1977,689,689,703,1392,1,1,3,6,0,1,299,0,36,0,2010,3,161750,33,33,2081,1.5,116.19971264367815
8366,6,5,2004,2004,798,798,842,1640,2,1,3,6,0,2,520,138,45,0,2008,12,173000,4,4,2438,2.5,105.48780487804878
1680,6,5,1971,1971,525,525,567,1092,1,1,3,6,0,1,264,0,0,0,2010,3,88000,39,39,1617,1.5,80.58608058608058
12160,5,5,1959,1959,1188,1188,0,1188,1,0,3,6,0,2,531,0,0,0,2010,5,142000,51,51,2376,1.0,119.52861952861953
4500,5,5,1932,2000,793,848,672,1520,1,0,3,6,0,1,281,0,0,0,2009,7,159434,77,9,2313,1.0,104.89078947368421
8775,5,5,1994,1994,990,990,0,990,1,0,3,5,0,1,299,0,64,0,2007,4,126000,13,13,1980,1.0,127.27272727272727
8872,5,8,1965,2008,912,912,0,912,1,0,2,5,0,2,576,0,240,0,2008,12,147000,43,0,1824,1.0,161.18421052631578
5306,7,7,1987,1987,1064,1064,703,1767,2,0,2,5,1,2,504,441,35,0,2006,6,239000,19,19,2831,2.0,135.2574985851726
9764,5,7,1967,2003,894,894,0,894,1,0,3,5,0,2,450,0,0,0,2008,5,130000,41,5,1788,1.0,145.413870246085
9950,7,5,1995,1995,1203,1214,1306,2520,2,1,4,9,1,3,721,224,114,0,2007,6,290000,12,12,3723,2.5,115.07936507936508
164660,5,6,1965,1965,1499,1619,167,1786,2,0,3,7,2,2,529,670,0,0,2008,8,228950,43,43,3285,2.0,128.19148936170214
10800,5,8,1936,1989,796,1096,370,1466,2,0,3,7,1,2,566,436,21,0,2006,4,170000,70,17,2262,2.0,115.96180081855388
5350,3,2,1940,1966,728,1306,0,1306,1,0,3,6,0,0,0,263,0,0,2010,5,76500,70,44,2034,1.0,58.575803981623274
8100,5,5,1898,1965,849,1075,1063,2138,2,0,2,11,0,2,360,40,156,0,2009,11,106000,111,44,2987,2.0,49.57904583723106
9364,6,7,1969,1969,663,663,689,1352,1,1,4,7,0,1,299,379,36,0,2010,3,158000,41,41,2015,1.5,116.86390532544378
5310,6,8,1910,2003,485,1001,634,1635,1,0,2,5,0,1,255,394,0,0,2006,6,117000,96,3,2120,1.0,71.55963302752293
7577,6,5,2005,2006,1362,1362,0,1362,2,0,2,6,1,2,460,192,28,0,2007,6,194700,2,1,2724,2.0,142.95154185022025
12464,5,5,1996,1996,1040,1040,0,1040,1,0,3,6,0,2,576,168,0,0,2009,11,152000,13,13,2080,1.0,146.15384615384616
8405,4,3,1945,1950,0,1088,441,1529,2,0,4,9,0,1,240,92,0,0,2009,4,98000,64,59,1529,2.0,64.09417920209287
13695,6,5,2003,2004,1114,1114,0,1114,1,0,3,6,0,2,576,0,78,0,2008,7,155000,5,4,2228,1.0,139.13824057450628
4130,3,6,1935,2003,270,729,0,729,1,0,2,5,0,0,0,0,0,0,2008,7,52000,73,5,999,1.0,71.33058984910836
3500,5,7,1947,1950,720,720,564,1284,1,1,2,5,0,1,240,0,35,0,2009,4,110000,62,59,2004,1.5,85.66978193146417
6900,5,6,1940,1955,740,778,0,778,1,0,2,4,1,1,924,0,25,0,2008,2,120500,68,53,1518,1.0,154.88431876606683
10208,7,5,1996,1997,1264,1277,1067,2344,2,1,3,7,1,3,889,220,0,0,2009,7,265000,13,12,3608,2.5,113.05460750853243
7128,7,5,1941,1950,918,918,728,1646,2,0,4,7,2,1,240,0,0,0,2007,8,164000,66,57,2564,2.0,99.63547995139733
4017,7,5,2006,2007,625,625,625,1250,2,1,2,5,0,2,625,0,54,0,2008,3,171900,2,1,1875,2.5,137.52
9375,7,5,1997,1998,1057,1057,977,2034,2,1,3,8,0,2,645,576,36,0,2009,2,219500,12,11,3091,2.5,107.91543756145526
8450,7,5,2000,2001,1349,1349,0,1349,2,0,3,6,0,2,539,120,55,0,2007,12,179000,7,6,2698,2.0,132.69088213491474
7922,5,7,1953,2007,1057,1057,0,1057,1,0,3,5,0,1,246,0,52,0,2010,1,109000,57,3,2114,1.0,103.12204351939451
11160,7,5,1968,1968,2110,2110,0,2110,2,1,3,8,2,2,522,0,0,0,2010,4,244000,42,42,4220,2.5,115.63981042654028
12168,8,6,1934,1998,965,1940,1254,3194,2,1,4,10,2,2,380,0,0,0,2007,9,359100,73,9,4159,2.5,112.42955541640576
9000,6,6,1937,1950,780,780,595,1375,1,1,3,6,1,1,544,0,162,0,2007,12,141000,70,57,2155,1.5,102.54545454545455
6951,5,5,1984,1985,876,923,0,923,1,0,3,5,0,1,264,362,0,0,2008,10,119500,24,23,1799,1.0,129.4691224268689
6000,6,7,1929,1950,862,950,208,1158,1,0,3,5,1,1,208,0,0,0,2008,7,120000,79,58,2020,1.0,103.62694300518135
14260,8,5,2000,2000,1145,1145,1053,2198,2,1,4,9,1,3,836,192,84,0,2008,12,250000,8,8,3343,2.5,113.73976342129208
11000,8,5,2000,2000,969,997,1288,2285,2,1,4,8,1,3,648,0,56,0,2007,6,248000,7,7,3254,2.5,108.53391684901531
10152,5,5,1956,1956,1048,1048,0,1048,1,0,3,6,0,1,286,0,20,0,2007,6,135000,51,51,2096,1.0,128.81679389312978
10920,6,5,1960,1960,1253,1253,0,1253,1,1,2,5,1,1,352,0,213,0,2008,5,157000,48,48,2506,1.5,125.29928172386273
11175,7,5,2007,2007,1316,1316,0,1316,2,0,3,6,1,2,440,0,20,0,2007,10,200141,0,0,2632,2.0,152.08282674772036
12000,5,7,1948,2005,924,1122,0,1122,1,0,2,6,0,2,528,0,36,0,2008,5,147000,60,3,2046,1.0,131.01604278074868
10482,6,8,1958,1958,588,1138,0,1138,1,0,3,6,0,1,264,224,0,0,2007,6,145000,49,49,1726,1.0,127.41652021089631
9750,7,5,2000,2001,1630,1630,0,1630,2,0,3,6,1,2,451,74,234,0,2009,10,213000,9,8,3260,2.0,130.67484662576686
6371,7,5,2009,2010,1358,1358,0,1358,2,0,2,6,1,2,484,192,35,0,2010,6,224000,1,0,2716,2.0,164.94845360824743
7052,7,5,2005,2005,1364,1364,0,1364,2,0,2,6,1,2,484,192,36,0,2006,6,185850,1,1,2728,2.0,136.25366568914956
6600,5,9,1982,2008,816,816,0,816,1,0,3,5,1,1,264,0,0,0,2008,10,130500,26,0,1632,1.0,159.9264705882353
11787,7,5,1996,1997,1379,1383,1015,2398,2,1,3,8,1,3,834,239,60,0,2007,8,315750,11,10,3777,2.5,131.6722268557131
17104,7,5,2006,2006,654,664,832,1496,2,1,3,7,1,2,426,100,24,0,2006,9,179665,0,0,2150,2.5,120.09692513368984
13360,5,7,1921,2006,876,964,0,964,1,0,2,5,0,2,432,0,0,0,2009,8,163500,88,3,1840,1.0,169.6058091286307
8910,6,6,1959,1959,655,1194,0,1194,1,0,3,6,1,2,539,0,0,0,2006,7,159500,47,47,1849,1.0,133.58458961474037
6993,5,7,1961,1994,912,1236,0,1236,1,0,3,6,1,1,288,0,0,0,2006,6,135000,45,12,2148,1.0,109.22330097087378
2628,7,5,2003,2003,764,764,862,1626,2,1,2,6,0,2,474,0,27,0,2010,6,175500,7,7,2390,2.5,107.93357933579335
15593,7,4,1953,1953,1304,1304,983,2287,2,0,3,7,1,2,667,0,21,0,2006,7,225000,53,53,3591,2.0,98.38216003498033
4500,6,5,1998,1998,1216,1216,0,1216,2,0,2,5,0,2,402,0,125,0,2006,5,164000,8,8,2432,2.0,134.8684210526316
9101,5,6,1978,1978,1097,1110,0,1110,1,0,1,4,1,2,602,303,30,0,2009,7,165500,31,31,2207,1.0,149.0990990990991
10205,5,5,1962,1962,925,999,0,999,1,0,3,6,0,1,300,150,72,0,2006,5,134500,44,44,1924,1.0,134.63463463463464
9600,7,5,1969,1969,1164,1164,0,1164,1,1,3,6,0,2,528,0,0,0,2006,7,140000,37,37,2328,1.5,120.27491408934708
6600,5,8,1982,2003,816,816,0,816,1,0,2,4,0,2,816,0,0,0,2008,6,138000,26,5,1632,1.0,169.11764705882354
6000,5,8,1925,1997,884,884,464,1348,1,0,3,5,1,1,216,0,0,0,2009,5,117000,84,12,2232,1.0,86.79525222551929
18450,6,5,1965,1979,1021,1465,915,2380,2,1,3,7,1,2,596,0,265,0,2007,8,129000,42,28,3401,2.5,54.20168067226891
20544,7,6,1986,1991,791,1236,857,2093,2,1,3,7,1,2,542,364,63,0,2008,11,215000,22,17,2884,2.5,102.7233635929288
14977,8,5,2006,2007,1976,1976,0,1976,2,0,2,7,1,3,908,250,63,0,2007,7,440000,1,0,3952,2.0,222.67206477732793
10084,7,5,2005,2006,1552,1552,0,1552,2,0,3,7,0,3,782,144,20,0,2006,7,212900,1,0,3104,2.0,137.1778350515464
10007,5,7,1959,2006,1053,1053,0,1053,1,1,3,5,0,1,312,0,0,0,2008,8,145500,49,2,2106,1.5,138.17663817663816
10410,5,7,1916,1987,660,808,704,1656,2,1,3,8,0,1,180,0,0,0,2009,8,135000,93,22,2172,2.5,81.52173913043478
4500,6,5,1999,1999,1224,1224,0,1224,2,0,2,5,0,2,402,0,304,0,2009,6,165000,10,10,2448,2.0,134.80392156862746
10011,5,6,1957,1996,1070,1236,0,1236,1,0,2,6,1,1,447,0,0,0,2006,5,134450,49,10,2306,1.0,108.77831715210355
14803,10,5,2007,2008,2078,2084,0,2084,2,0,2,7,1,3,1220,188,45,0,2008,6,385000,1,0,4162,2.0,184.74088291746642
12508,6,7,1940,1985,983,983,767,1750,2,0,4,7,0,1,423,245,0,0,2008,7,160000,68,23,2733,2.0,91.42857142857143
10800,5,6,1920,1950,1120,1130,0,1130,1,0,2,5,1,2,720,229,0,0,2006,6,120000,86,56,2250,1.0,106.19469026548673
53227,4,6,1954,1994,1364,1663,0,1663,1,0,2,6,2,2,529,224,137,0,2008,3,256000,54,14,3027,1.0,153.9386650631389
18386,7,9,1880,2002,1470,1675,1818,3493,3,0,3,10,1,3,870,302,0,0,2008,5,295000,128,6,4963,3.0,84.45462353277985
15602,7,8,1959,1997,1501,1801,0,1801,2,0,1,6,2,2,484,0,54,0,2010,3,289000,51,13,3302,2.0,160.46640755136036
4060,5,8,1922,1950,864,864,0,864,1,0,2,4,0,0,0,0,96,0,2009,7,99900,87,59,1728,1.0,115.625
14331,8,5,2002,2002,1800,1800,0,1800,2,0,3,7,1,3,765,270,78,0,2006,5,312500,4,4,3600,2.0,173.61111111111111
11250,4,5,1957,1989,1104,1104,684,1788,1,0,5,8,2,1,304,120,0,0,2009,11,161500,52,20,2892,1.0,90.32438478747204
11767,4,7,1910,2000,560,796,550,1346,1,1,2,6,0,1,384,168,24,0,2007,5,112000,97,7,1906,1.5,83.20950965824666
11070,7,5,1988,1989,1907,1959,0,1959,3,0,5,9,0,3,766,0,0,0,2006,7,171000,18,17,3866,3.0,87.28943338437979
10800,5,5,1987,1988,1200,1200,0,1200,3,0,3,5,0,0,0,120,0,0,2009,3,179000,22,21,2400,3.0,149.16666666666666
8410,5,3,1910,1996,658,658,526,1184,1,0,5,8,0,0,0,0,151,0,2006,5,81000,96,10,1842,1.0,68.41216216216216
10593,7,5,1996,1996,1720,1720,0,1720,2,0,3,7,1,2,527,240,56,0,2010,3,260400,14,14,3440,2.0,151.3953488372093
7024,4,5,2005,2005,1132,1132,0,1132,1,1,2,5,0,2,451,252,64,0,2008,6,176000,3,3,2264,1.5,155.47703180212014
4500,6,5,1998,1998,1204,1204,0,1204,2,0,2,5,0,2,412,0,247,0,2009,6,162000,11,11,2408,2.0,134.55149501661128
9084,5,6,1941,1950,616,616,495,1111,1,0,3,5,0,1,200,48,0,0,2008,3,95000,67,58,1727,1.0,85.5085508550855
7252,5,5,1982,1982,858,858,0,858,1,0,2,5,0,2,576,120,0,0,2009,4,134900,27,27,1716,1.0,157.22610722610722
9717,5,6,1950,1996,1078,1078,0,1078,1,0,2,5,0,1,240,366,0,0,2010,4,142125,60,14,2156,1.0,131.8413729128015
7740,4,7,1910,1950,622,741,622,1363,1,0,3,6,0,2,528,0,0,0,2010,6,125500,100,60,1985,1.0,92.07630227439472
53504,8,5,2003,2003,1650,1690,1589,3279,3,1,4,12,1,3,841,503,36,0,2010,6,538000,7,7,4929,3.5,164.0744129307716
14112,5,7,1964,1964,1152,1152,0,1152,1,0,3,6,1,2,484,227,0,0,2010,4,180500,46,46,2304,1.0,156.68402777777777
7558,6,6,1928,1950,896,1172,741,1913,1,1,3,9,1,2,342,0,0,0,2009,3,177000,81,59,2809,1.5,92.52483010977522
17600,6,5,1960,1960,1478,1478,0,1478,2,0,3,6,2,2,498,0,40,0,2009,12,157500,49,49,2956,2.0,106.56292286874154
12205,6,8,1966,2007,832,976,1111,2087,2,1,5,9,0,2,444,133,168,0,2007,7,187500,41,0,2919,2.5,89.8418782942022
11888,6,6,1916,1994,844,1445,689,2134,2,0,5,10,0,2,441,0,60,0,2009,7,214500,93,15,2978,2.0,100.51546391752578
13600,7,6,1965,1990,768,1186,800,1986,2,1,3,7,3,2,486,0,42,0,2009,10,205000,44,19,2754,2.5,103.22255790533737
8924,7,5,1998,1999,880,880,844,1724,2,1,3,8,0,2,527,120,155,0,2008,7,188000,10,9,2604,2.5,109.04872389791183
7535,5,7,1958,1985,912,912,0,912,1,0,2,5,0,1,297,12,285,0,2007,6,120000,49,22,1824,1.0,131.57894736842104
9060,5,6,1957,2006,0,1340,0,1340,1,0,3,7,1,1,252,116,0,0,2007,6,120000,50,1,1340,1.0,89.55223880597015
9473,8,5,2002,2002,1128,1128,903,2031,2,1,3,7,1,2,577,0,211,0,2008,3,237000,6,6,3159,2.5,116.69128508124076
2280,7,5,1999,1999,744,757,744,1501,2,1,3,6,0,2,440,0,0,0,2008,8,179400,9,9,2245,2.5,119.5203197868088
10594,5,5,1926,1950,768,789,0,789,1,0,2,5,0,1,200,0,0,0,2007,6,96500,81,57,1557,1.0,122.30671736375159
15256,8,5,2007,2007,1485,1464,0,1464,2,0,3,6,0,3,754,168,160,0,2007,8,282922,0,0,2949,2.0,193.25273224043715
7560,5,6,1958,1965,1029,1339,0,1339,1,0,3,6,0,1,294,0,0,0,2009,5,139000,51,44,2368,1.0,103.80881254667662
2308,6,5,1974,1974,855,855,467,1322,2,1,3,6,1,2,440,260,0,0,2009,6,147000,35,35,2177,2.5,111.19515885022693
11700,7,7,1880,2003,1240,1320,1320,2640,1,1,4,8,1,4,864,181,0,0,2009,5,265979,129,6,3880,1.5,100.74962121212121
5400,4,6,1920,1950,840,840,534,1374,1,0,2,6,0,1,338,0,0,0,2009,10,105000,89,59,2214,1.0,76.41921397379913
9947,7,5,1990,1991,1188,1217,0,1217,2,0,3,6,0,2,497,168,27,0,2009,6,173000,19,18,2405,2.0,142.15283483976992
9638,6,7,1919,1990,804,1699,748,2447,2,0,4,10,1,1,336,272,0,0,2010,3,169000,91,20,3251,2.0,69.06416019615857
16692,7,5,1978,1978,1392,1392,1392,2784,3,1,5,12,2,2,564,0,112,519,2006,7,250000,28,28,4176,3.5,89.79885057471265
7244,5,7,1970,1970,768,768,0,768,1,0,2,5,0,2,624,104,0,0,2007,4,129500,37,37,1536,1.0,168.61979166666666
6762,7,5,2006,2006,1286,1294,0,1294,2,0,2,6,1,2,662,168,55,0,2006,7,193879,0,0,2580,2.0,149.82921174652242
9135,7,5,2002,2003,1536,1536,0,1536,2,0,3,7,0,2,532,192,74,0,2008,12,214000,6,5,3072,2.0,139.32291666666666
6442,8,5,2006,2006,1370,1370,0,1370,2,0,2,6,1,2,484,120,49,0,2007,10,202500,1,1,2740,2.0,147.8102189781022
12122,7,9,1961,2007,944,999,0,999,1,0,3,6,0,2,588,144,76,0,2008,7,178400,47,1,1943,1.0,178.57857857857857
8814,7,5,2006,2006,1604,1604,0,1604,2,1,3,8,1,2,660,123,110,0,2009,3,220000,3,3,3208,2.5,137.1571072319202
10182,8,5,2006,2006,1660,1660,0,1660,2,0,3,8,1,2,500,322,50,0,2006,5,290000,0,0,3320,2.0,174.6987951807229
11643,5,5,1969,1969,1248,1338,1296,2634,2,2,6,12,0,4,968,0,0,0,2009,8,200000,40,40,3882,3.0,75.9301442672741
8993,7,5,2007,2007,1302,1302,0,1302,2,0,3,6,0,2,436,0,22,0,2007,8,176485,0,0,2604,2.0,135.54915514592935
9037,8,5,2006,2006,1476,1484,0,1484,2,0,2,6,1,2,472,120,33,0,2007,12,265900,1,1,2960,2.0,179.177897574124
9937,5,7,1964,1999,1486,1486,0,1486,1,0,3,7,0,2,480,0,0,0,2009,3,167000,45,10,2972,1.0,112.38223418573351
7917,6,5,1999,2000,953,953,694,1647,2,1,3,7,1,2,460,0,40,0,2007,8,175000,8,7,2600,2.5,106.25379477838494
11500,5,6,1976,1976,1680,1680,0,1680,2,0,4,8,0,2,528,0,0,0,2007,6,136905,31,31,3360,2.0,81.49107142857143
9100,7,5,2001,2001,1212,1212,0,1212,2,0,3,6,0,2,573,356,0,0,2009,6,178000,8,8,2424,2.0,146.86468646864685
7200,6,6,1910,1998,1214,1260,1031,2291,2,0,4,9,1,2,506,0,0,0,2007,11,133900,97,9,3505,2.0,58.44609340899171
5063,7,5,2007,2008,1314,1314,0,1314,2,0,2,6,1,2,626,172,62,0,2009,4,207500,2,1,2628,2.0,157.91476407914763
9600,5,7,1949,2003,845,893,0,893,1,0,2,4,0,2,576,0,0,0,2007,5,135000,58,4,1738,1.0,151.17581187010077
7200,5,5,1950,1950,0,1048,0,1048,1,0,3,7,0,2,420,0,27,0,2008,7,98300,58,58,1048,1.0,93.79770992366412
10603,6,7,1977,2001,1610,1610,0,1610,2,0,3,6,2,2,480,168,68,0,2010,2,205000,33,9,3220,2.0,127.32919254658385
7064,5,6,1977,1977,980,980,0,980,1,0,3,6,0,2,484,192,0,0,2009,7,135000,32,32,1960,1.0,137.75510204081633
23595,7,6,1979,1979,1332,1332,192,1524,0,1,0,4,1,2,586,268,0,0,2010,4,260000,31,31,2856,0.5,170.60367454068242
9591,8,5,2004,2005,1713,1713,0,1713,2,0,3,7,1,3,856,0,26,0,2009,1,274900,5,4,3426,2.0,160.4786923525978
6960,4,6,1970,1970,864,864,0,864,1,0,3,5,0,2,660,96,0,0,2009,11,120500,39,39,1728,1.0,139.46759259259258
8767,7,5,2005,2005,1310,1310,0,1310,2,0,3,6,1,2,400,0,0,0,2006,7,164990,1,1,2620,2.0,125.94656488549619
7420,5,5,1962,1962,1057,1057,0,1057,1,0,3,6,0,2,576,0,0,0,2007,4,132000,45,45,2114,1.0,124.88174077578051
9760,6,8,1964,1993,822,1020,831,1851,2,1,3,7,1,2,440,239,42,0,2007,7,187000,43,14,2673,2.5,101.02647217720151
13214,9,5,2008,2009,2002,2018,0,2018,2,0,3,10,1,3,746,144,76,0,2010,5,378500,2,1,4020,2.0,187.5619425173439
